{"polygons":[[{"x":56.90032154340836,"y":1.4405144694533762},{"x":120.28295819935691,"y":19.44694533762058},{"x":65.54340836012862,"y":169.9807073954984},{"x":-0.7202572347266881,"y":151.2540192926045}]]}