{"polygons":[[{"x":99.46714031971581,"y":118.56483126110123},{"x":98.67140319715809,"y":169.49200710479573},{"x":254.63587921847247,"y":172.67495559502663},{"x":250.65719360568383,"y":123.3392539964476}]]}