{"polygons":[[{"x":684.7847411444142,"y":402.1144414168937},{"x":684.3596730245232,"y":429.3188010899183},{"x":767.6730245231607,"y":431.0190735694823},{"x":765.5476839237057,"y":404.6648501362398}]]}