{"polygons":[[{"x":425.07872174590807,"y":370.1200311769291},{"x":424.59236165237724,"y":401.2470771628995},{"x":519.9189399844115,"y":403.19251753702264},{"x":517.4871395167577,"y":373.0381917381138}]]}