{"polygons":[[{"x":491.64032697547685,"y":288.6975476839237},{"x":491.33514986376025,"y":308.22888283378745},{"x":551.149863760218,"y":309.449591280654},{"x":549.6239782016349,"y":290.5286103542234}]]}