{"resistors":[{"polygon":[{"x":566.771628994544,"y":493.4933749025721},{"x":566.1231488698363,"y":534.996102883866},{"x":693.2252533125487,"y":537.5900233826968},{"x":689.9828526890102,"y":497.38425565081843}],"colors":["yellow","violet","brown","none","gold","none"]}]}