{"polygons":[[{"x":913.0463215258857,"y":536.1525885558583},{"x":912.4795640326976,"y":572.4250681198911},{"x":1023.5640326975478,"y":574.692098092643},{"x":1020.7302452316077,"y":539.5531335149864}]]}