{"polygons":[[{"x":305.18472330475447,"y":265.7272018706158},{"x":304.83554169914265,"y":288.07482462977396},{"x":373.2751363990647,"y":289.47155105222134},{"x":371.52922837100544,"y":267.82229150428685}]]}