{"polygons":[[{"x":120.49655172413793,"y":387.61773399014777},{"x":168.7566502463054,"y":375.01477832512313},{"x":206.5655172413793,"y":480.7566502463054},{"x":158.6128078817734,"y":497.0482758620689}]]}