{"polygons":[[{"x":86.51034482758621,"y":278.2896551724138},{"x":121.15862068965517,"y":269.2413793103448},{"x":148.30344827586208,"y":345.15862068965515},{"x":113.87586206896552,"y":356.85517241379307}]]}