{"polygons":[[{"x":122.47453416149068,"y":177.51055900621117},{"x":244.17391304347825,"y":145.72919254658385},{"x":339.51801242236024,"y":412.38260869565215},{"x":218.59378881987578,"y":453.46583850931677}]]}