{"polygons":[[{"x":160.66206896551725,"y":516.8236453201971},{"x":225.0088669950739,"y":500.01970443349757},{"x":275.4206896551724,"y":641.008866995074},{"x":211.48374384236453,"y":662.7310344827587}]]}