{"polygons":[[{"x":87.9304347826087,"y":127.44347826086957},{"x":175.30434782608697,"y":104.62608695652175},{"x":243.75652173913045,"y":296.0695652173913},{"x":156.9391304347826,"y":325.5652173913044}]]}