{"polygons":[[{"x":336.9740698985344,"y":85.82638105975198},{"x":335.56708004509585,"y":120.29763246899662},{"x":438.2773393461105,"y":121.70462232243518},{"x":437.5738444193912,"y":87.23337091319053}]]}