{"polygons":[[{"x":385.43673469387755,"y":165.1265306122449},{"x":384.5877551020408,"y":185.9265306122449},{"x":446.56326530612245,"y":186.77551020408163},{"x":446.1387755102041,"y":165.97551020408162}]]}