{"resistors":[{"polygon":[{"x":513.9156462585034,"y":220.16870748299323},{"x":512.7836734693878,"y":247.90204081632655},{"x":595.41768707483,"y":249.0340136054422},{"x":594.8517006802722,"y":221.30068027210888}],"colors":["green","blue","brown","none","gold","none"]}]}