{"polygons":[[{"x":99.07786259541984,"y":100.98320610687023},{"x":170.52824427480917,"y":96.21984732824427},{"x":176.2442748091603,"y":282.94351145038166},{"x":93.3618320610687,"y":279.1328244274809}]]}