{"polygons":[[{"x":71.13282442748091,"y":72.50076335877863},{"x":122.43053435114504,"y":69.08091603053435},{"x":126.53435114503817,"y":203.13893129770992},{"x":67.02900763358778,"y":200.40305343511451}]]}