{"polygons":[[{"x":276.72380952380956,"y":118.55238095238096},{"x":276.11428571428576,"y":133.4857142857143},{"x":320.60952380952386,"y":134.0952380952381},{"x":320.30476190476196,"y":119.16190476190478}]]}