{"polygons":[[{"x":241.93010146561443,"y":61.61894024802705},{"x":240.91995490417136,"y":86.36753100338218},{"x":314.66065388951523,"y":87.37767756482525},{"x":314.1555806087937,"y":62.629086809470124}]]}