{"polygons":[[{"x":449.2987598647125,"y":114.43517474633596},{"x":447.42277339346106,"y":160.39684329199548},{"x":584.369785794814,"y":162.2728297632469},{"x":583.4317925591882,"y":116.31116121758737}]]}