{"polygons":[[{"x":441.5007385524372,"y":116.13589364844904},{"x":576.0709010339734,"y":111.52732644017725},{"x":572.384047267356,"y":447.9527326440177},{"x":457.1698670605613,"y":442.42245199409155}]]}