{"polygons":[[{"x":201.5511982570806,"y":245.9607843137255},{"x":202.0392156862745,"y":312.81917211328977},{"x":361.62091503267976,"y":309.8910675381264},{"x":365.5250544662309,"y":244.4967320261438}]]}