{"polygons":[[{"x":77.12050078247262,"y":225.75273865414712},{"x":82.72926447574335,"y":315.4929577464789},{"x":312.6885758998435,"y":319.69953051643193},{"x":309.1830985915493,"y":231.36150234741785}]]}