{"resistors":[{"polygon":[{"x":374.3093681917211,"y":456.78431372549016},{"x":375.2156862745098,"y":580.9498910675381},{"x":671.5816993464052,"y":575.511982570806},{"x":678.8322440087146,"y":454.06535947712416}],"colors":["red","red","yellow","none","gold","none"]}]}