{"polygons":[[{"x":280.73202614379085,"y":342.5882352941177},{"x":281.4117647058824,"y":435.7124183006536},{"x":503.6862745098039,"y":431.6339869281046},{"x":509.124183006536,"y":340.54901960784315}]]}