{"polygons":[[{"x":316.97488921713443,"y":83.37961595273265},{"x":413.58936484490397,"y":80.07090103397341},{"x":410.94239290989657,"y":321.60709010339735},{"x":328.2245199409158,"y":317.63663220088625}]]}