{"polygons":[[{"x":107.41784037558685,"y":314.4413145539906},{"x":115.2300469483568,"y":439.4366197183099},{"x":435.53051643192487,"y":445.2957746478873},{"x":430.6478873239437,"y":322.2535211267606}]]}