{"polygons":[[{"x":28.94267515923567,"y":51.77070063694268},{"x":16.305732484076433,"y":126.77707006369427},{"x":193.22292993630575,"y":155.71974522292993},{"x":203.4140127388535,"y":70.11464968152866}]]}