{"polygons":[[{"x":40.3130118289354,"y":72.10919017288445},{"x":22.711555959963604,"y":176.58234758871703},{"x":269.1319381255687,"y":216.89535941765243},{"x":283.32666060054595,"y":97.6596906278435}]]}