{"resistors":[{"polygon":[{"x":53.750682438580526,"y":96.14558689717926},{"x":30.282074613284806,"y":235.44313011828936},{"x":358.84258416742495,"y":289.1938125568699},{"x":377.7688808007279,"y":130.21292083712467}],"colors":["brown","black","orange","none","gold","none"]}]}