{"polygons":[[{"x":211.58839050131925,"y":180.85488126649076},{"x":401.5057167985928,"y":204.8900615655233},{"x":390.4731750219877,"y":292.36235708003517},{"x":202.13192612137203,"y":264.38698328935794}]]}