{"polygons":[[{"x":392.94986807387863,"y":335.87335092348286},{"x":745.6534740545295,"y":380.5101143359719},{"x":725.1644678979771,"y":542.9586631486368},{"x":375.38786279683376,"y":491.0043975373791}]]}