{"polygons":[[{"x":294.712401055409,"y":251.90501319261213},{"x":559.240105540897,"y":285.38258575197887},{"x":543.8733509234828,"y":407.21899736147753},{"x":281.5408970976253,"y":368.2532981530343}]]}