{"resistors":[{"polygon":[{"x":344.96603773584906,"y":298.65660377358495},{"x":384.6037735849057,"y":262.94339622641513},{"x":481.1471698113208,"y":368.12075471698114},{"x":436.4075471698113,"y":403.04905660377364}],"colors":["brown","black","brown","none","gold","none"]}]}