{"polygons":[[{"x":185.75094339622643,"y":160.81509433962265},{"x":207.0943396226415,"y":141.58490566037736},{"x":259.0792452830189,"y":198.2188679245283},{"x":234.98867924528304,"y":217.02641509433963}]]}