{"polygons":[[{"x":174.43386243386243,"y":190.39153439153438},{"x":230.010582010582,"y":140.3174603174603},{"x":365.37566137566137,"y":287.7883597883598},{"x":302.64550264550263,"y":336.76190476190476}]]}