{"polygons":[[{"x":258.7245283018868,"y":223.99245283018868},{"x":288.45283018867923,"y":197.2075471698113},{"x":360.86037735849055,"y":276.0905660377358},{"x":327.3056603773585,"y":302.2867924528302}]]}