{"polygons":[[{"x":232.5784832451499,"y":253.8553791887125},{"x":306.6807760141093,"y":187.0899470899471},{"x":487.1675485008818,"y":383.7178130511464},{"x":403.5273368606702,"y":449.015873015873}]]}