{"polygons":[[{"x":125.23456790123456,"y":136.69135802469134},{"x":165.1358024691358,"y":100.74074074074073},{"x":262.32098765432096,"y":206.61728395061726},{"x":217.28395061728395,"y":241.77777777777777}]]}