{"polygons":[[{"x":233.56701030927834,"y":52.78350515463917},{"x":280.4123711340206,"y":51.4639175257732},{"x":280.4123711340206,"y":154.39175257731958},{"x":238.84536082474227,"y":151.75257731958763}]]}