{"polygons":[[{"x":90.53892215568862,"y":61.700598802395206},{"x":138.82634730538922,"y":60.359281437125745},{"x":136.1437125748503,"y":153.58083832335328},{"x":97.91616766467065,"y":153.58083832335328}]]}