{"polygons":[[{"x":160.66793168880454,"y":317.93548387096774},{"x":297.53320683111957,"y":323.8861480075901},{"x":294.98292220113854,"y":380.84250474383305},{"x":161.5180265654649,"y":378.292220113852}]]}