{"polygons":[[{"x":126.10778443113773,"y":85.94011976047905},{"x":193.36526946107784,"y":84.07185628742515},{"x":189.62874251497007,"y":213.91616766467067},{"x":136.38323353293413,"y":213.91616766467067}]]}