{"polygons":[[{"x":325.32547864506626,"y":73.51988217967599},{"x":390.5743740795287,"y":71.6818851251841},{"x":390.5743740795287,"y":215.0456553755523},{"x":332.6774668630339,"y":211.36966126656847}]]}