{"polygons":[[{"x":280.4808743169399,"y":129.04918032786884},{"x":349.551912568306,"y":154.2295081967213},{"x":339.40983606557376,"y":183.2568306010929},{"x":268.76502732240436,"y":156.85245901639345}]]}