{"polygons":[[{"x":520.8930523028885,"y":239.66276346604218},{"x":649.1678376268541,"y":286.42622950819674},{"x":630.3325526932085,"y":340.3341139734583},{"x":499.13505074160815,"y":291.29742388758785}]]}