{"polygons":[[{"x":298.6617100371747,"y":223.271375464684},{"x":527.7323420074349,"y":306.7806691449814},{"x":494.09665427509293,"y":403.04832713754644},{"x":259.80669144981414,"y":315.47955390334573}]]}