{"polygons":[[{"x":390.6697892271663,"y":179.7470725995316},{"x":486.8758782201405,"y":214.81967213114754},{"x":472.7494145199063,"y":255.25058548009366},{"x":374.3512880562061,"y":218.47306791569085}]]}