{"resistors":[{"polygon":[{"x":398.2156133828997,"y":297.69516728624535},{"x":703.64312267658,"y":409.0408921933086},{"x":658.7955390334573,"y":537.3977695167287},{"x":346.40892193308554,"y":420.639405204461}],"colors":["brown","green","red","none","gold","none"]}]}