{"polygons":[[{"x":214.42379182156134,"y":160.29739776951672},{"x":378.8847583643123,"y":220.25278810408923},{"x":354.7360594795539,"y":289.36802973977694},{"x":186.5278810408922,"y":226.4981412639405}]]}