{"polygons":[[{"x":452.93392070484583,"y":237.8149779735683},{"x":474.6431718061674,"y":245.7092511013216},{"x":456.8810572687225,"y":295.0484581497797},{"x":436.15859030837004,"y":289.12775330396477}]]}