{"polygons":[[{"x":142.2699077954736,"y":163.19195305951385},{"x":142.2699077954736,"y":206.60519698239733},{"x":231.1886001676446,"y":206.60519698239733},{"x":231.1886001676446,"y":160.0536462699078}]]}