{"polygons":[[{"x":123.7268588770865,"y":74.10015174506829},{"x":123.7268588770865,"y":130.52503793626707},{"x":239.29590288315632,"y":130.52503793626707},{"x":239.29590288315632,"y":70.02124430955995}]]}