{"polygons":[[{"x":110.45083207261725,"y":31.152798789712556},{"x":275.6550680786687,"y":32.09682299546142},{"x":279.43116490166415,"y":91.57034795763994},{"x":117.05900151285931,"y":103.8426626323752}]]}