{"polygons":[[{"x":189.6932103939648,"y":217.58927074601843},{"x":189.6932103939648,"y":275.47359597652974},{"x":308.2514668901928,"y":275.47359597652974},{"x":308.2514668901928,"y":213.4048616932104}]]}