{"polygons":[[{"x":102.14249790444258,"y":117.16345347862531},{"x":102.14249790444258,"y":148.33193629505448},{"x":165.9815590947192,"y":148.33193629505448},{"x":165.9815590947192,"y":114.9103101424979}]]}