{"polygons":[[{"x":172.33383915022762,"y":103.21092564491653},{"x":172.33383915022762,"y":181.80273141122913},{"x":333.3050075872534,"y":181.80273141122913},{"x":333.3050075872534,"y":97.52959028831562}]]}