{"polygons":[[{"x":79.29803328290468,"y":22.3661119515885},{"x":197.90620272314675,"y":23.043872919818455},{"x":200.61724659606656,"y":65.7428139183056},{"x":84.04236006051437,"y":74.553706505295}]]}