{"polygons":[[{"x":632.952952952953,"y":120.76076076076076},{"x":757.8778778778778,"y":116.5965965965966},{"x":752.8808808808809,"y":437.23723723723725},{"x":633.7857857857858,"y":437.23723723723725}]]}