{"polygons":[[{"x":222.73333333333335,"y":561.6},{"x":554.6666666666667,"y":567.6666666666667},{"x":559,"y":694.2},{"x":224.46666666666667,"y":692.4666666666667}]]}