{"resistors":[{"polygon":[{"x":539.8201284796573,"y":586.1413276231264},{"x":875.6488222698073,"y":590.5952890792291},{"x":877.4304068522483,"y":715.306209850107},{"x":538.9293361884368,"y":712.6338329764453}],"colors":["red","red","yellow","none","gold","none"]}]}