{"polygons":[[{"x":290.6723768736617,"y":315.6145610278373},{"x":471.5032119914347,"y":318.0128479657388},{"x":472.4625267665953,"y":385.16488222698075},{"x":290.1927194860814,"y":383.7259100642398}]]}