{"polygons":[[{"x":474.7147147147147,"y":90.57057057057057},{"x":568.4084084084084,"y":87.44744744744744},{"x":564.6606606606607,"y":327.92792792792795},{"x":475.33933933933935,"y":327.92792792792795}]]}