{"polygons":[[{"x":119.93333333333334,"y":302.4},{"x":298.6666666666667,"y":305.6666666666667},{"x":301,"y":373.8},{"x":120.86666666666667,"y":372.8666666666667}]]}