{"polygons":[[{"x":340.8208208208208,"y":65.02502502502503},{"x":408.08808808808806,"y":62.78278278278278},{"x":405.3973973973974,"y":235.43543543543544},{"x":341.2692692692693,"y":235.43543543543544}]]}