{"polygons":[[{"x":404.86509635974306,"y":439.6059957173448},{"x":656.7366167023555,"y":442.94646680942185},{"x":658.0728051391864,"y":536.4796573875803},{"x":404.19700214132763,"y":534.4753747323341}]]}