{"polygons":[[{"x":118.39164490861619,"y":403.50913838120107},{"x":146.2697998259356,"y":535.4778067885118},{"x":462.70496083550916,"y":441.16275021758054},{"x":427.2236727589208,"y":317.5213228894691}]]}