{"polygons":[[{"x":157.85552654482157,"y":538.0121845082681},{"x":195.0263997679141,"y":713.970409051349},{"x":616.9399477806788,"y":588.2170002901073},{"x":569.6315636785611,"y":423.3617638526255}]]}