{"polygons":[[{"x":84.99912967798086,"y":289.6988685813751},{"x":105.01421525964608,"y":384.44560487380335},{"x":332.1984334203656,"y":316.7322309254424},{"x":306.72468813460983,"y":227.96402668987525}]]}