{"polygons":[[{"x":84.75675675675676,"y":41.91268191268192},{"x":338.0956340956341,"y":50.2952182952183},{"x":338.0956340956341,"y":127.60083160083161},{"x":97.7962577962578,"y":119.21829521829522}]]}