{"polygons":[[{"x":267.75690607734805,"y":160.5966850828729},{"x":345.90055248618785,"y":163.18232044198894},{"x":345.90055248618785,"y":187.02762430939225},{"x":271.7790055248619,"y":184.44198895027623}]]}