{"polygons":[[{"x":192.23572744014734,"y":115.30018416206262},{"x":248.3388581952118,"y":117.15653775322284},{"x":248.3388581952118,"y":134.27624309392266},{"x":195.12338858195213,"y":132.41988950276243}]]}