{"resistors":[{"polygon":[{"x":468.5977011494253,"y":265.8574712643678},{"x":728.7172413793103,"y":274.46436781609196},{"x":728.7172413793103,"y":353.8390804597701},{"x":481.9862068965517,"y":345.23218390804595}],"colors":["red","red","brown","gold","brown","none"]}]}