{"polygons":[[{"x":351.44827586206895,"y":199.39310344827587},{"x":546.5379310344828,"y":205.84827586206896},{"x":546.5379310344828,"y":265.37931034482756},{"x":361.4896551724138,"y":258.92413793103447}]]}