{"polygons":[[{"x":252.32183908045977,"y":143.15402298850574},{"x":392.3862068965517,"y":147.78850574712644},{"x":392.3862068965517,"y":190.5287356321839},{"x":259.5310344827586,"y":185.8942528735632}]]}