{"resistors":[{"polygon":[{"x":357.0092081031308,"y":214.12891344383058},{"x":461.2007366482505,"y":217.57642725598527},{"x":461.2007366482505,"y":249.37016574585635},{"x":362.37200736648253,"y":245.92265193370167}],"colors":["red","red","brown","gold","brown","none"]}]}