{"polygons":[[{"x":453.6170212765958,"y":567.0212765957447},{"x":448.63829787234044,"y":627.8723404255319},{"x":569.7872340425532,"y":630.6382978723404},{"x":563.7021276595744,"y":563.1489361702128}]]}