{"polygons":[[{"x":604.8226950354609,"y":756.0283687943262},{"x":598.1843971631205,"y":837.1631205673758},{"x":759.7163120567376,"y":840.8510638297872},{"x":751.6028368794326,"y":750.8652482269503}]]}