{"resistors":[{"polygon":[{"x":54.48168701442842,"y":11.081021087680355},{"x":53.55826859045505,"y":96.9589345172031},{"x":260.40399556048834,"y":90.49500554938956},{"x":255.78690344062153,"y":14.774694783573807}],"colors":["brown","black","red","none","gold","none"]}]}