{"polygons":[[{"x":29.336293007769147,"y":5.966703662597115},{"x":28.839067702552722,"y":52.208657047724756},{"x":140.21753607103219,"y":48.72807991120977},{"x":137.73140954495005,"y":7.9556048834628195}]]}