{"polygons":[[{"x":40.86126526082131,"y":8.310765815760266},{"x":40.16870144284129,"y":72.71920088790233},{"x":195.30299667036627,"y":67.87125416204218},{"x":191.84017758046616,"y":11.081021087680355}]]}