{"polygons":[[{"x":325.67375886524826,"y":407.0921985815603},{"x":322.09929078014187,"y":450.78014184397165},{"x":409.0780141843972,"y":452.76595744680856},{"x":404.7092198581561,"y":404.31205673758865}]]}