{"polygons":[[{"x":365.17041800643085,"y":216.19292604501607},{"x":365.17041800643085,"y":246.79099678456592},{"x":453.95498392282957,"y":248.79742765273312},{"x":450.44372990353696,"y":215.18971061093248}]]}