{"resistors":[{"polygon":[{"x":486.89389067524115,"y":288.25723472668807},{"x":486.89389067524115,"y":329.0546623794212},{"x":605.273311897106,"y":331.7299035369775},{"x":600.5916398713827,"y":286.91961414790995}],"colors":["brown","black","brown","none","gold","none"]}]}