{"polygons":[[{"x":196.9758713136729,"y":120.7077747989276},{"x":196.9758713136729,"y":157.34048257372652},{"x":303.27077747989273,"y":159.74262734584448},{"x":299.0670241286863,"y":119.50670241286862}]]}