{"polygons":[[{"x":262.1736334405145,"y":155.21543408360128},{"x":262.1736334405145,"y":177.18327974276528},{"x":325.91639871382637,"y":178.62379421221866},{"x":323.39549839228295,"y":154.4951768488746}]]}