{"polygons":[[{"x":274.3592493297587,"y":168.12868632707776},{"x":274.3592493297587,"y":219.15281501340482},{"x":422.4128686327078,"y":222.49865951742626},{"x":416.55764075067026,"y":166.45576407506704}]]}