{"polygons":[[{"x":25.90531682447196,"y":45.90240349599417},{"x":25.450837581937364,"y":98.16751638747269},{"x":177.24690458849236,"y":100.43991260014566},{"x":174.0655498907502,"y":46.811361981063364}]]}