{"resistors":[{"polygon":[{"x":34.54042243262928,"y":61.203204661325564},{"x":33.934450109249816,"y":130.89002184996357},{"x":236.3292061179898,"y":133.91988346686088},{"x":232.0873998543336,"y":62.41514930808449}],"colors":["brown","green","black","none","gold","none"]}]}