{"polygons":[[{"x":18.598689002184994,"y":32.955571740713765},{"x":18.272396212672977,"y":70.47924253459577},{"x":127.2541879096868,"y":72.11070648215586},{"x":124.97013838310268,"y":33.6081573197378}]]}