{"polygons":[[{"x":114.73170731707317,"y":57.5479674796748},{"x":113.63902439024392,"y":100.16260162601627},{"x":207.609756097561,"y":100.52682926829269},{"x":206.88130081300815,"y":60.461788617886185}]]}