{"resistors":[{"polygon":[{"x":407.68,"y":54.08},{"x":632.3199999999999,"y":101.50399999999999},{"x":613.184,"y":200.512},{"x":381.888,"y":159.744}],"colors":["orange","white","black","none","silver","none"]}]}