{"polygons":[[{"x":159.8048780487805,"y":80.15609756097561},{"x":158.2829268292683,"y":139.5121951219512},{"x":289.1707317073171,"y":140.01951219512196},{"x":288.15609756097564,"y":84.21463414634147}]]}