{"polygons":[[{"x":213.0731707317073,"y":106.87479674796748},{"x":211.04390243902438,"y":186.0162601626016},{"x":385.5609756097561,"y":186.69268292682926},{"x":384.2081300813008,"y":112.28617886178861}]]}