{"resistors":[{"polygon":[{"x":245.27871250914413,"y":691.4059985369422},{"x":386.4813460131675,"y":691.4059985369422},{"x":387.08997805413316,"y":743.1397220190198},{"x":231.2801755669349,"y":738.8792977322605}],"colors":["brown","brown","black","violet","gold","none"]}]}