{"polygons":[[{"x":4.773770491803278,"y":66.8327868852459},{"x":6.137704918032787,"y":111.84262295081966},{"x":101.61311475409835,"y":89.33770491803278},{"x":99.5672131147541,"y":45.691803278688525}]]}