{"resistors":[{"polygon":[{"x":439.748031496063,"y":402.89763779527556},{"x":566.6771653543307,"y":353.76377952755905},{"x":587.1496062992126,"y":406.1732283464567},{"x":468.40944881889766,"y":449.5748031496063}],"colors":["brown","red","black","none","brown","none"]}]}