{"polygons":[[{"x":3.427322404371585,"y":47.982513661202184},{"x":4.406557377049181,"y":80.29726775956284},{"x":72.95300546448087,"y":64.13989071038252},{"x":71.48415300546448,"y":32.80437158469945}]]}