{"polygons":[[{"x":71.4453781512605,"y":62.26890756302521},{"x":173.0420168067227,"y":22.941176470588236},{"x":189.42857142857142,"y":64.89075630252101},{"x":94.38655462184875,"y":99.63025210084034}]]}