{"polygons":[[{"x":6.365027322404372,"y":89.11038251366121},{"x":8.18360655737705,"y":149.12349726775957},{"x":135.4841530054645,"y":119.11693989071038},{"x":132.75628415300548,"y":60.922404371584705}]]}