{"polygons":[[{"x":95.26050420168067,"y":83.02521008403362},{"x":230.72268907563026,"y":30.58823529411765},{"x":252.57142857142858,"y":86.52100840336135},{"x":125.84873949579833,"y":132.8403361344538}]]}