{"polygons":[[{"x":51.294117647058826,"y":44.705882352941174},{"x":124.23529411764706,"y":16.470588235294116},{"x":136,"y":46.588235294117645},{"x":67.76470588235294,"y":71.52941176470588}]]}