{"polygons":[[{"x":179.50684931506848,"y":269.00456621004565},{"x":190.7579908675799,"y":263.8904109589041},{"x":202.52054794520546,"y":292.52968036529677},{"x":192.29223744292236,"y":295.5981735159817}]]}