{"polygons":[[{"x":388.9379727685325,"y":326.6323751891074},{"x":409.70650529500756,"y":317.1921331316188},{"x":431.41906202723146,"y":370.0574886535552},{"x":412.53857791225414,"y":375.7216338880484}]]}