{"polygons":[[{"x":333.3698630136986,"y":499.57990867579906},{"x":354.26484018264836,"y":490.0821917808219},{"x":376.1095890410959,"y":543.269406392694},{"x":357.11415525114154,"y":548.9680365296804}]]}