{"polygons":[[{"x":279.2375189107413,"y":234.50529500756429},{"x":294.1482602118003,"y":227.72768532526473},{"x":309.7367624810892,"y":265.6822995461422},{"x":296.18154311649016,"y":269.7488653555219}]]}