{"polygons":[[{"x":250.02739726027397,"y":374.6849315068493},{"x":265.6986301369863,"y":367.5616438356164},{"x":282.0821917808219,"y":407.4520547945205},{"x":267.83561643835617,"y":411.7260273972602}]]}