{"polygons":[[{"x":227.62941420855836,"y":122.65558786871624},{"x":217.76485251350226,"y":175.1425010386373},{"x":348.05151641046945,"y":207.9002908184462},{"x":358.4744495222268,"y":157.4607395097632}]]}