{"polygons":[[{"x":119.1182108626198,"y":61.801916932907346},{"x":92.70287539936102,"y":202.3514376996805},{"x":441.5846645367412,"y":290.0702875399361},{"x":469.4952076677316,"y":155.0031948881789}]]}