{"polygons":[[{"x":317.05525550477773,"y":170.84171167428335},{"x":303.31533028666394,"y":243.94848358953055},{"x":484.7860407145825,"y":289.5754050685501},{"x":499.303697548816,"y":219.3203157457416}]]}