{"polygons":[[{"x":85.52076677316293,"y":44.370607028753994},{"x":66.55591054313099,"y":145.2779552715655},{"x":317.03514376996804,"y":208.2555910543131},{"x":337.073482428115,"y":111.28434504792332}]]}