{"polygons":[[{"x":422.74034067303694,"y":227.78894889904444},{"x":404.42044038221854,"y":325.2646447860407},{"x":646.3813876194433,"y":386.1005400914001},{"x":665.7382633984213,"y":292.4270876609888}]]}