{"polygons":[[{"x":158.82428115015975,"y":82.40255591054313},{"x":123.60383386581469,"y":269.8019169329073},{"x":588.779552715655,"y":386.76038338658145},{"x":625.9936102236421,"y":206.67092651757187}]]}