{"polygons":[[{"x":609.1048593350384,"y":627.7237851662404},{"x":667.0895140664962,"y":589.4219948849105},{"x":765.5038363171357,"y":725.606138107417},{"x":718.690537084399,"y":768.1636828644502}]]}