{"polygons":[[{"x":146.87314662273477,"y":147.61120263591434},{"x":227.32125205930808,"y":94.47116968698518},{"x":363.8616144975289,"y":283.41350906095556},{"x":298.91268533772654,"y":342.45799011532125}]]}