{"polygons":[[{"x":456.82864450127875,"y":470.7928388746803},{"x":500.3171355498721,"y":442.06649616368287},{"x":574.1278772378516,"y":544.2046035805627},{"x":539.0179028132992,"y":576.1227621483375}]]}