{"polygons":[[{"x":327.97953964194375,"y":338.00511508951405},{"x":359.2020460358056,"y":317.38107416879797},{"x":412.1943734015345,"y":390.7109974424552},{"x":386.9872122762148,"y":413.62659846547314}]]}