{"polygons":[[{"x":369.15817694369974,"y":449.08668453976765},{"x":413.3976764968722,"y":450.9454870420018},{"x":392.9508489722967,"y":530.130473637176},{"x":354.65951742627345,"y":528.6434316353888}]]}