{"polygons":[[{"x":457.19611650485433,"y":196.2873786407767},{"x":676.1009708737864,"y":195.47961165048542},{"x":675.2932038834952,"y":277.87184466019414},{"x":460.4271844660194,"y":275.4485436893204}]]}