{"polygons":[[{"x":314.61052631578946,"y":132.04210526315788},{"x":670.9894736842106,"y":125.97894736842105},{"x":676.378947368421,"y":259.36842105263156},{"x":329.4315789473684,"y":276.88421052631577}]]}