{"polygons":[[{"x":84.8284023668639,"y":205.00197238658777},{"x":146.68244575936882,"y":65.38856015779092},{"x":205.88560157790926,"y":78.6429980276134},{"x":157.2859960552268,"y":218.25641025641025}]]}