{"polygons":[[{"x":344.2829581993569,"y":183.66559485530547},{"x":329.15755627009645,"y":227.60128617363344},{"x":447.27974276527334,"y":252.81028938906752},{"x":447.27974276527334,"y":210.31511254019293}]]}