{"polygons":[[{"x":14.910741301059002,"y":258.90468986384263},{"x":2.0332829046898637,"y":300.92586989409983},{"x":113.86384266263236,"y":320.58093797276854},{"x":118.60816944024205,"y":273.1376701966717}]]}