{"polygons":[[{"x":20.76853252647504,"y":360.6172465960666},{"x":2.832072617246596,"y":419.1467473524962},{"x":158.5960665658094,"y":446.52344931921334},{"x":165.20423600605145,"y":380.4417549167927}]]}