{"polygons":[[{"x":135.83935742971886,"y":275.27710843373495},{"x":135.83935742971886,"y":333.75100401606426},{"x":321.1566265060241,"y":367.03614457831327},{"x":318.4578313253012,"y":307.66265060240966}]]}