{"polygons":[[{"x":229.03370786516854,"y":141.6629213483146},{"x":258.1573033707865,"y":130.1573033707865},{"x":289.438202247191,"y":196.67415730337078},{"x":264.9887640449438,"y":208.8988764044944}]]}