{"polygons":[[{"x":319.01123595505624,"y":197.31621187800965},{"x":359.5762439807384,"y":181.2905296950241},{"x":403.1460674157304,"y":273.93900481540936},{"x":369.09149277688607,"y":290.96629213483146}]]}