{"polygons":[[{"x":109.02654867256636,"y":87.22123893805309},{"x":189.30973451327432,"y":55.50442477876106},{"x":275.53982300884957,"y":238.86725663716814},{"x":208.141592920354,"y":272.56637168141594}]]}