{"polygons":[[{"x":425.3483146067416,"y":263.08828250401285},{"x":479.4349919743178,"y":241.7207062600321},{"x":537.5280898876405,"y":365.25200642054574},{"x":492.1219903691814,"y":387.9550561797753}]]}