{"polygons":[[{"x":324.9477911646586,"y":107.7590361445783},{"x":407.6465863453815,"y":118.61847389558233},{"x":381.75100401606426,"y":329.9598393574297},{"x":302.39357429718876,"y":321.60642570281124}]]}