{"polygons":[[{"x":233.2958500669344,"y":77.36546184738955},{"x":292.669344042838,"y":85.16198125836681},{"x":274.0776439089692,"y":236.8942436412316},{"x":217.10307898259705,"y":230.89692101740295}]]}