{"polygons":[[{"x":181.74677002583977,"y":232.1033591731266},{"x":178.85271317829455,"y":278.9870801033592},{"x":290.56330749354004,"y":285.35400516795863},{"x":288.8268733850129,"y":238.47028423772608}]]}