{"resistors":[{"polygon":[{"x":21.087557603686633,"y":44.73118279569892},{"x":21.72657450076805,"y":99.04761904761904},{"x":171.25652841781874,"y":102.24270353302612},{"x":170.6175115207373,"y":49.204301075268816}],"colors":["brown","black","red","none","gold","none"]}]}