{"polygons":[[{"x":106.63291139240506,"y":67.92911392405063},{"x":197.46835443037975,"y":67.13924050632912},{"x":197.46835443037975,"y":334.11645569620254},{"x":111.37215189873417,"y":331.746835443038}]]}