{"polygons":[[{"x":76.55696202531647,"y":48.76962025316456},{"x":141.7721518987342,"y":48.20253164556962},{"x":141.7721518987342,"y":239.87848101265823},{"x":79.95949367088608,"y":238.17721518987344}]]}