{"polygons":[[{"x":287.4450867052023,"y":79.41425818882466},{"x":361.6801541425819,"y":78.55105973025049},{"x":365.1329479768786,"y":284.8554913294798},{"x":286.5818882466281,"y":284.8554913294798}]]}