{"polygons":[[{"x":253.14728682170542,"y":323.28682170542635},{"x":249.11627906976744,"y":388.5891472868217},{"x":404.71317829457365,"y":397.4573643410853},{"x":402.29457364341084,"y":332.15503875968994}]]}