{"polygons":[[{"x":141.46583850931677,"y":192.81987577639754},{"x":232.54658385093168,"y":192.81987577639754},{"x":220.9192546583851,"y":378.8571428571429},{"x":141.46583850931677,"y":371.10559006211184}]]}