{"polygons":[[{"x":101.56521739130434,"y":138.43478260869566},{"x":166.95652173913044,"y":138.43478260869566},{"x":158.6086956521739,"y":272},{"x":101.56521739130434,"y":266.4347826086956}]]}