{"polygons":[[{"x":152.3619344773791,"y":144.67394695787831},{"x":207.57566302652106,"y":145.37285491419658},{"x":202.6833073322933,"y":294.2402496099844},{"x":146.77067082683308,"y":289.34789391575663}]]}