{"polygons":[[{"x":147.93245778611634,"y":226.10131332082554},{"x":128.60037523452158,"y":287.4596622889306},{"x":310.9943714821764,"y":309.313320825516},{"x":311.83489681050656,"y":248.7954971857411}]]}