{"polygons":[[{"x":212.21840873634946,"y":201.51014040561623},{"x":289.1232449297972,"y":202.48361934477379},{"x":282.30889235569424,"y":409.83463338533545},{"x":204.43057722308893,"y":403.02028081123245}]]}