{"polygons":[[{"x":68.73929008567931,"y":116.09302325581395},{"x":115.32925336597306,"y":116.09302325581395},{"x":114.56548347613219,"y":236.0048959608323},{"x":61.86536107711138,"y":233.71358629130967}]]}