{"polygons":[[{"x":291.65714285714284,"y":117.94285714285714},{"x":349.25714285714287,"y":114.28571428571428},{"x":348.34285714285716,"y":260.57142857142856},{"x":286.1714285714286,"y":260.57142857142856}]]}