{"polygons":[[{"x":155.05562422744129,"y":39.871446229913474},{"x":153.94808405438812,"y":73.09765142150803},{"x":244.7663782447466,"y":72.54388133498145},{"x":244.7663782447466,"y":43.19406674907293}]]}