{"polygons":[[{"x":137.62091503267973,"y":371.8692810457516},{"x":137.62091503267973,"y":428.479302832244},{"x":300.6187363834423,"y":434.33551198257084},{"x":298.6666666666667,"y":369.91721132897607}]]}