{"polygons":[[{"x":49.351285189718475,"y":83.34883720930232},{"x":82.80048959608322,"y":83.34883720930232},{"x":82.25214198286413,"y":169.4394124847001},{"x":44.41615667074663,"y":167.79436964504282}]]}