{"polygons":[[{"x":174.05739514348787,"y":196.80353200883005},{"x":176.03532008830024,"y":259.1081677704194},{"x":334.2693156732892,"y":259.1081677704194},{"x":334.2693156732892,"y":199.77041942604856}]]}