{"polygons":[[{"x":215.97033374536466,"y":55.53522867737948},{"x":214.42768850432634,"y":101.81458590852905},{"x":340.9245982694685,"y":101.04326328800988},{"x":340.9245982694685,"y":60.16316440049444}]]}