{"polygons":[[{"x":27.353685778108712,"y":92.73566641846612},{"x":48.70290394638869,"y":70.05212211466866},{"x":101.40878629932986,"y":123.75874906924795},{"x":78.05807892777365,"y":145.4415487714073}]]}