{"polygons":[[{"x":107.98898071625345,"y":188.82644628099175},{"x":147.48209366391185,"y":146.86501377410468},{"x":244.98071625344355,"y":246.21487603305786},{"x":201.78512396694217,"y":286.3250688705234}]]}