{"polygons":[[{"x":38.09977661950857,"y":129.16753536857783},{"x":67.83618763961282,"y":97.57259865971706},{"x":141.24795234549518,"y":172.3782576321668},{"x":108.72375279225615,"y":202.57930007446018}]]}