{"polygons":[[{"x":150.41322314049586,"y":263.0082644628099},{"x":205.4214876033058,"y":204.5619834710744},{"x":341.22314049586777,"y":342.9421487603306},{"x":281.05785123966945,"y":398.8099173553719}]]}