{"resistors":[{"polygon":[{"x":50.79970215934475,"y":172.22338049143707},{"x":90.4482501861504,"y":130.09679821295606},{"x":188.33060312732687,"y":229.83767684288904},{"x":144.96500372300818,"y":270.10573343261353}],"colors":["brown","brown","black","violet","gold","none"]}]}