{"polygons":[[{"x":453.3333333333333,"y":503.1111111111111},{"x":535.1111111111111,"y":504.88888888888886},{"x":544,"y":718.2222222222222},{"x":455.1111111111111,"y":716.4444444444445}]]}