{"polygons":[[{"x":133.90274841437633,"y":153.69133192389006},{"x":289.5729386892178,"y":150.39323467230446},{"x":299.46723044397464,"y":474.2663847780127},{"x":137.86046511627907,"y":470.30866807610994}]]}