{"polygons":[[{"x":141.73821989528795,"y":116.94240837696336},{"x":218.13612565445027,"y":120.29319371727749},{"x":218.13612565445027,"y":273.75916230366494},{"x":140.0628272251309,"y":274.09424083769636}]]}