{"polygons":[[{"x":197.42109199700823,"y":162.8840688107704},{"x":303.8324607329843,"y":167.55123410620794},{"x":303.8324607329843,"y":381.3074046372476},{"x":195.08750934928946,"y":381.77412116679136}]]}