{"polygons":[[{"x":178.5369978858351,"y":204.92177589852008},{"x":386.09725158562367,"y":200.52431289640592},{"x":399.28964059196613,"y":632.3551797040169},{"x":183.81395348837208,"y":627.0782241014799}]]}