{"resistors":[{"polygon":[{"x":263.2281226626776,"y":217.1787584143605},{"x":405.109947643979,"y":223.40164547494388},{"x":405.109947643979,"y":508.4098728496634},{"x":260.1166791323859,"y":509.03216155572176}],"colors":["brown","black","brown","none","silver","none"]}]}