{"polygons":[[{"x":96.1353065539112,"y":110.34249471458773},{"x":207.8985200845666,"y":107.97463002114165},{"x":215.00211416490484,"y":340.49894291754754},{"x":98.9767441860465,"y":337.65750528541224}]]}