{"resistors":[{"polygon":[{"x":339.78855901520643,"y":386.78059377262855},{"x":338.5836350470674,"y":447.02679217958007},{"x":516.3099203475742,"y":443.41202027516294},{"x":516.9123823316438,"y":374.73135409123825}],"colors":["yellow","blue","black","none","none","none"]}]}