{"polygons":[[{"x":168.94363742010458,"y":212.93666472980823},{"x":168.4230098779779,"y":238.96804183614177},{"x":245.2155723416618,"y":237.40615920976174},{"x":245.47588611272514,"y":207.73038930854153}]]}