{"polygons":[[{"x":182.96307023895727,"y":208.2664735698769},{"x":182.31426502534396,"y":240.70673425054306},{"x":278.01303403330917,"y":238.76031860970312},{"x":278.33743664011587,"y":201.77842143374366}]]}