{"polygons":[[{"x":313.75246949447995,"y":395.45380592678674},{"x":312.7855897733876,"y":443.7977919814062},{"x":455.40034863451484,"y":440.89715281812903},{"x":455.883788495061,"y":385.7850087158629}]]}