{"polygons":[[{"x":254.84141926140478,"y":290.0854453294714},{"x":253.9377262853005,"y":335.270094134685},{"x":387.2324402606807,"y":332.5590152063722},{"x":387.6842867487328,"y":281.0485155684287}]]}