{"polygons":[[{"x":40.545994065281896,"y":60.48664688427299},{"x":39.21661721068249,"y":126.95548961424332},{"x":235.29970326409494,"y":122.9673590504451},{"x":235.96439169139464,"y":47.19287833827893}]]}