{"polygons":[[{"x":56.474777448071215,"y":84.24925816023739},{"x":54.62314540059347,"y":176.83086053412464},{"x":327.73887240356083,"y":171.2759643916914},{"x":328.6646884272997,"y":65.73293768545994}]]}