{"polygons":[[{"x":235.31435212085998,"y":296.5903544450901},{"x":234.5891923300407,"y":332.84834398605466},{"x":341.55026147588615,"y":330.67286461359674},{"x":341.91284137129577,"y":289.33875653689717}]]}