{"polygons":[[{"x":256.5931034482758,"y":260.35862068965514},{"x":299.08965517241376,"y":259.28275862068966},{"x":300.70344827586206,"y":364.71724137931034},{"x":261.97241379310344,"y":360.951724137931}]]}