{"polygons":[[{"x":424.6441558441559,"y":266.6181818181818},{"x":488.6649350649351,"y":264.99740259740264},{"x":491.0961038961039,"y":423.83376623376626},{"x":432.74805194805197,"y":418.16103896103897}]]}