{"polygons":[[{"x":304.8727272727273,"y":191.4181818181818},{"x":350.8363636363636,"y":190.25454545454545},{"x":352.58181818181816,"y":304.29090909090905},{"x":310.6909090909091,"y":300.2181818181818}]]}