{"polygons":[[{"x":184.2206896551724,"y":186.9241379310345},{"x":214.73103448275862,"y":186.15172413793104},{"x":215.8896551724138,"y":261.848275862069},{"x":188.08275862068965,"y":259.1448275862069}]]}