{"resistors":[{"polygon":[{"x":342.12413793103445,"y":347.1448275862069},{"x":398.78620689655173,"y":345.7103448275862},{"x":400.93793103448274,"y":486.2896551724138},{"x":349.29655172413794,"y":481.2689655172414}],"colors":["yellow","violet","black","none","gold","none"]}]}