{"polygons":[[{"x":177.18518518518516,"y":49.77777777777777},{"x":219.85185185185185,"y":48},{"x":219.85185185185185,"y":165.33333333333331},{"x":171.85185185185185,"y":160.59259259259258}]]}