{"polygons":[[{"x":260.57142857142856,"y":480},{"x":265.46938775510205,"y":557.3877551020408},{"x":466.2857142857143,"y":549.5510204081633},{"x":454.53061224489795,"y":460.4081632653061}]]}