{"polygons":[[{"x":110.41910966340933,"y":22.862106406080347},{"x":143.0097719869707,"y":20.429967426710096},{"x":147.8740499457112,"y":117.71552660152008},{"x":114.79695982627578,"y":114.31053203040173}]]}