{"polygons":[[{"x":246.79365079365078,"y":69.33333333333333},{"x":306.22222222222223,"y":66.85714285714285},{"x":306.22222222222223,"y":230.28571428571428},{"x":239.36507936507934,"y":223.68253968253967}]]}