{"polygons":[[{"x":205.06406080347446,"y":42.45819761129207},{"x":265.5895765472313,"y":37.94136807817589},{"x":274.62323561346363,"y":218.614549402823},{"x":213.19435396308359,"y":212.29098805646035}]]}