{"polygons":[[{"x":187.0769230769231,"y":344.61538461538464},{"x":190.5934065934066,"y":400.17582417582423},{"x":334.7692307692308,"y":394.54945054945057},{"x":326.32967032967036,"y":330.54945054945057}]]}