{"polygons":[[{"x":153.79804560260587,"y":31.843648208469055},{"x":199.19218241042344,"y":28.45602605863192},{"x":205.9674267100977,"y":163.96091205211727},{"x":159.8957654723127,"y":159.21824104234526}]]}