{"polygons":[[{"x":6.8635097493036215,"y":73.6267409470752},{"x":31.821727019498606,"y":48.66852367688023},{"x":82.98607242339833,"y":87.35376044568245},{"x":54.90807799442897,"y":116.0557103064067}]]}