{"polygons":[[{"x":9.559888579387186,"y":102.55153203342618},{"x":44.32311977715877,"y":67.7883008356546},{"x":115.58774373259052,"y":121.67130919220055},{"x":76.47910863509749,"y":161.64902506963787}]]}