{"polygons":[[{"x":176.992700729927,"y":255.47445255474452},{"x":176.992700729927,"y":284.4963503649635},{"x":257.9270072992701,"y":288.17518248175185},{"x":257.9270072992701,"y":256.7007299270073}]]}