{"polygons":[[{"x":246.52554744525546,"y":355.83941605839414},{"x":246.52554744525546,"y":396.26277372262774},{"x":359.2554744525547,"y":401.38686131386856},{"x":359.2554744525547,"y":357.54744525547443}]]}