{"polygons":[[{"x":300.0808988764045,"y":384.68314606741575},{"x":300.0808988764045,"y":417.8696629213483},{"x":392.6292134831461,"y":422.076404494382},{"x":392.6292134831461,"y":386.08539325842696}]]}