{"polygons":[[{"x":215.4426966292135,"y":276.1827715355805},{"x":215.4426966292135,"y":300.00898876404494},{"x":281.8876404494382,"y":303.02921348314607},{"x":281.8876404494382,"y":277.1895131086142}]]}