{"resistors":[{"polygon":[{"x":328.7007299270073,"y":474.4525547445255},{"x":328.7007299270073,"y":528.3503649635036},{"x":479.00729927007296,"y":535.1824817518248},{"x":479.00729927007296,"y":476.72992700729924}],"colors":["yellow","violet","black","none","gold","none"]}]}