{"polygons":[[{"x":400.1078651685393,"y":512.9108614232209},{"x":400.1078651685393,"y":557.1595505617978},{"x":523.5056179775281,"y":562.7685393258427},{"x":523.5056179775281,"y":514.7805243445692}]]}