{"polygons":[[{"x":285.1216931216931,"y":256.67724867724866},{"x":361.989417989418,"y":266.83597883597884},{"x":361.989417989418,"y":300.35978835978835},{"x":279.36507936507934,"y":284.44444444444446}]]}