{"polygons":[[{"x":203.0406732117812,"y":197.78962131837307},{"x":182.03646563814866,"y":270.4291725105189},{"x":386.8274894810659,"y":336.0673211781206},{"x":413.0827489481066,"y":243.29873772791024}]]}