{"polygons":[[{"x":170.996138996139,"y":230.3011583011583},{"x":165.06563706563708,"y":250.8108108108108},{"x":222.8880308880309,"y":269.34362934362935},{"x":230.3011583011583,"y":243.15057915057915}]]}