{"polygons":[[{"x":145.7727910238429,"y":142.00280504908835},{"x":130.69284712482468,"y":194.15427769985973},{"x":277.72230014025246,"y":241.27910238429172},{"x":296.57223001402525,"y":174.67601683029451}]]}