{"polygons":[[{"x":238.17319360176504,"y":320.7766133480419},{"x":229.91285162713734,"y":349.34362934362935},{"x":310.4511858797573,"y":375.1571980143409},{"x":320.7766133480419,"y":338.67402095973523}]]}