{"polygons":[[{"x":317.5642581356867,"y":427.70215113072254},{"x":306.55046883618314,"y":465.7915057915058},{"x":413.9349145063431,"y":500.20959735245447},{"x":427.70215113072254,"y":451.565361279647}]]}