{"polygons":[[{"x":111.54497968659315,"y":208.00928612884505},{"x":111.02495647127104,"y":258.9715612304121},{"x":245.71096923969822,"y":259.4915844457342},{"x":246.23099245502033,"y":215.28961114335462}]]}