{"polygons":[[{"x":79.49803921568628,"y":220.0470588235294},{"x":78.61960784313726,"y":306.1333333333333},{"x":306.1333333333333,"y":307.01176470588234},{"x":307.01176470588234,"y":232.34509803921569}]]}