{"polygons":[[{"x":110.72941176470589,"y":306.49411764705883},{"x":109.50588235294119,"y":426.40000000000003},{"x":426.40000000000003,"y":427.62352941176476},{"x":427.62352941176476,"y":323.6235294117647}]]}