{"polygons":[[{"x":147.6392156862745,"y":408.65882352941173},{"x":146.0078431372549,"y":568.5333333333333},{"x":568.5333333333333,"y":570.1647058823529},{"x":570.1647058823529,"y":431.4980392156863}]]}