{"polygons":[[{"x":155.36622170632617,"y":289.727219965177},{"x":154.64190365641323,"y":360.7103888566454},{"x":342.24027858386535,"y":361.43470690655835},{"x":342.9645966337783,"y":299.8676726639582}]]}