{"resistors":[{"polygon":[{"x":207.15496227510158,"y":386.30295995356937},{"x":206.18920487521765,"y":480.94718514219386},{"x":456.3203714451538,"y":481.91294254207776},{"x":457.28612884503775,"y":399.8235635519443}],"colors":["yellow","violet","black","none","gold","none"]}]}