{"resistors":[{"polygon":[{"x":492.6792452830189,"y":570.566037735849},{"x":579.0188679245283,"y":563.9245283018868},{"x":584.4528301886792,"y":602.566037735849},{"x":481.2075471698113,"y":615.2452830188679}],"colors":["red","violet","black","none","none","none"]}]}