{"polygons":[[{"x":598.0432612312812,"y":535.4009983361066},{"x":639.2279534109817,"y":501.4841930116473},{"x":734.0565723793678,"y":594.2362728785358},{"x":702.2163061564061,"y":630.2296173044925}]]}