{"resistors":[{"polygon":[{"x":377.57092377587077,"y":196.555275113579},{"x":488.4482584553256,"y":189.41544674406865},{"x":488.4482584553256,"y":230.15446744068652},{"x":382.19081272084804,"y":240.65421504290762}],"colors":["yellow","violet","yellow","none","gold","none"]}]}