{"polygons":[[{"x":317.73228346456693,"y":248.94488188976376},{"x":322.6456692913386,"y":334.92913385826773},{"x":561.763779527559,"y":344.755905511811},{"x":558.488188976378,"y":239.11811023622047}]]}