{"polygons":[[{"x":546.0590461771386,"y":324.3603330809993},{"x":549.8380015140046,"y":390.4920514761545},{"x":733.7471612414838,"y":398.0499621498865},{"x":731.2278576835731,"y":316.8024224072673}]]}