{"polygons":[[{"x":228.11548556430446,"y":178.72965879265092},{"x":231.64304461942257,"y":240.46194225721786},{"x":403.31758530183725,"y":247.51706036745406},{"x":400.96587926509187,"y":171.6745406824147}]]}