{"polygons":[[{"x":294.0317940953823,"y":174.6555639666919},{"x":296.0666161998486,"y":210.26495079485238},{"x":395.09462528387587,"y":214.334595003785},{"x":393.7380772142316,"y":170.58591975775929}]]}