{"polygons":[[{"x":409.5442846328539,"y":243.27024981074942},{"x":412.37850113550337,"y":292.86903860711584},{"x":550.3103709311127,"y":298.53747161241483},{"x":548.4208932626798,"y":237.6018168054504}]]}