{"polygons":[[{"x":89.21917808219179,"y":197.13698630136986},{"x":153.86301369863014,"y":267.1232876712329},{"x":329.09589041095893,"y":101.5068493150685},{"x":272.4657534246575,"y":32.054794520547944}]]}