{"polygons":[[{"x":64.05479452054794,"y":141.53424657534245},{"x":110.46575342465752,"y":191.7808219178082},{"x":236.27397260273972,"y":72.87671232876711},{"x":195.61643835616437,"y":23.013698630136986}]]}