{"resistors":[{"polygon":[{"x":118.95890410958903,"y":262.8493150684931},{"x":205.15068493150685,"y":356.16438356164383},{"x":438.7945205479452,"y":135.34246575342465},{"x":363.2876712328767,"y":42.73972602739726}],"colors":["red","red","orange","none","gold","none"]}]}