{"polygons":[[{"x":130.08773903262093,"y":350.95613048368955},{"x":211.5095613048369,"y":455.7750281214848},{"x":428.63442069741285,"y":292.9313835770529},{"x":384.64791901012376,"y":193.72778402699663}]]}