{"polygons":[[{"x":70.04724409448819,"y":188.9763779527559},{"x":113.88976377952756,"y":245.41732283464566},{"x":230.8031496062992,"y":157.73228346456693},{"x":207.11811023622047,"y":104.31496062992126}]]}