{"polygons":[[{"x":97.5658042744657,"y":263.21709786276716},{"x":158.63217097862767,"y":341.83127109111365},{"x":321.4758155230596,"y":219.69853768278966},{"x":288.4859392575928,"y":145.2958380202475}]]}