{"polygons":[[{"x":66.95678092399405,"y":449.63338301043217},{"x":101.8301043219076,"y":443.5886736214605},{"x":112.98956780923994,"y":531.9344262295082},{"x":75.79135618479881,"y":536.5842026825634}]]}