{"polygons":[[{"x":358.822641509434,"y":70.15849056603774},{"x":358.40000000000003,"y":92.55849056603773},{"x":419.68301886792455,"y":95.93962264150944},{"x":420.9509433962264,"y":70.15849056603774}]]}