{"polygons":[[{"x":89.27570789865871,"y":599.5111773472429},{"x":135.77347242921013,"y":591.451564828614},{"x":150.65275707898658,"y":709.2459016393442},{"x":101.05514157973174,"y":715.4456035767511}]]}