{"polygons":[[{"x":499.788679245283,"y":97.72075471698113},{"x":499.2,"y":128.92075471698112},{"x":584.5584905660377,"y":133.63018867924526},{"x":586.3245283018867,"y":97.72075471698113}]]}