{"resistors":[{"polygon":[{"x":666.3849056603774,"y":130.29433962264153},{"x":665.6,"y":171.89433962264152},{"x":779.411320754717,"y":178.1735849056604},{"x":781.7660377358491,"y":130.29433962264153}],"colors":["green","blue","brown","none","gold","none"]}]}