{"polygons":[[{"x":346.467718794835,"y":107.43185078909613},{"x":345.57245337159253,"y":154.8809182209469},{"x":475.38593974175035,"y":162.04304160688665},{"x":478.07173601147775,"y":107.43185078909613}]]}