{"polygons":[[{"x":248.7460545193687,"y":77.13055954088952},{"x":248.10329985652797,"y":111.19655667144906},{"x":341.3027259684361,"y":116.33859397417503},{"x":343.23098995695835,"y":77.13055954088952}]]}