{"polygons":[[{"x":48.071535022354695,"y":322.81371087928466},{"x":73.10879284649776,"y":318.4739195230999},{"x":81.12071535022355,"y":381.9016393442623},{"x":54.41430700447094,"y":385.2399403874814}]]}