{"polygons":[[{"x":271.97527047913445,"y":276.4760432766615},{"x":377.4219474497682,"y":248.82843894899537},{"x":384.4945904173107,"y":292.5502318392581},{"x":284.1916537867079,"y":325.34157650695516}]]}