{"polygons":[[{"x":305.24929444967074,"y":554.1448730009407},{"x":305.24929444967074,"y":626.3480714957667},{"x":512.4666039510819,"y":606.9764816556914},{"x":500.13922859830666,"y":548.274694261524}]]}