{"resistors":[{"polygon":[{"x":406.9990592662277,"y":738.8598306679211},{"x":406.9990592662277,"y":835.1307619943557},{"x":683.2888052681092,"y":809.301975540922},{"x":666.8523047977422,"y":731.032925682032}],"colors":["brown","black","red","none","gold","none"]}]}