{"polygons":[[{"x":219.1533396048918,"y":397.84760112888057},{"x":219.1533396048918,"y":449.68579492003767},{"x":367.9247412982126,"y":435.7779868297272},{"x":359.07431796801507,"y":393.63311382878646}]]}