{"polygons":[[{"x":190.43290891283056,"y":138.6562193927522},{"x":147.4319294809011,"y":229.26542605288932},{"x":375.6003917727718,"y":323.1655239960823},{"x":409.8256611165524,"y":229.26542605288932}]]}