{"polygons":[[{"x":353.6611165523996,"y":257.5044074436827},{"x":273.8021547502449,"y":425.7786483839373},{"x":697.5435847208619,"y":600.1645445641528},{"x":761.1047992164545,"y":425.7786483839373}]]}