{"polygons":[[{"x":265.24583741429973,"y":193.12830558276198},{"x":205.35161606268363,"y":319.333986287953},{"x":523.1576885406464,"y":450.1234084231146},{"x":570.8285994123408,"y":319.333986287953}]]}