{"polygons":[[{"x":235.21680993314232,"y":500.63037249283667},{"x":291.6370582617001,"y":512.5501432664756},{"x":263.02960840496655,"y":657.971346704871},{"x":209.78796561604585,"y":650.0248328557784}]]}