{"polygons":[[{"x":126.6552053486151,"y":269.5702005730659},{"x":157.03533906399235,"y":275.98853868194846},{"x":141.6313276026743,"y":354.2922636103152},{"x":112.96275071633238,"y":350.01337153772687}]]}