{"polygons":[[{"x":176.41260744985675,"y":375.4727793696275},{"x":218.72779369627509,"y":384.41260744985675},{"x":197.27220630372494,"y":493.4785100286533},{"x":157.34097421203438,"y":487.5186246418338}]]}