{"polygons":[[{"x":316.8053244592346,"y":244.4991680532446},{"x":369.73044925124793,"y":255.68053244592346},{"x":342.8951747088186,"y":392.09317803660565},{"x":292.9517470881864,"y":384.6389351081531}]]}