{"polygons":[[{"x":153.54838709677418,"y":367.61290322580646},{"x":175.2258064516129,"y":421.80645161290323},{"x":326.06451612903226,"y":372.1290322580645},{"x":301.6774193548387,"y":309.80645161290323}]]}