{"polygons":[[{"x":438.2222222222222,"y":748.4444444444445},{"x":459.55555555555554,"y":801.7777777777777},{"x":608,"y":752.8888888888888},{"x":584,"y":691.5555555555555}]]}