{"polygons":[[{"x":314.6210826210826,"y":537.3447293447293},{"x":329.93732193732194,"y":575.6353276353276},{"x":436.5128205128205,"y":540.5356125356125},{"x":419.28205128205127,"y":496.5014245014245}]]}