{"resistors":[{"polygon":[{"x":657.9820466786355,"y":253.18491921005386},{"x":713.9964093357271,"y":250.19748653500898},{"x":715.4901256732495,"y":399.5691202872531},{"x":660.9694793536804,"y":404.05026929982046}],"colors":["green","blue","black","none","gold","none"]}]}