{"polygons":[[{"x":493.4865350089767,"y":189.8886894075404},{"x":535.4973070017953,"y":187.64811490125675},{"x":536.6175942549372,"y":299.6768402154399},{"x":495.72710951526034,"y":303.03770197486534}]]}