{"polygons":[[{"x":200.54209445585215,"y":109.47022587268994},{"x":269.5359342915811,"y":105.7905544147844},{"x":271.3757700205339,"y":289.7741273100616},{"x":204.2217659137577,"y":295.29363449691994}]]}