{"polygons":[[{"x":504.8051948051948,"y":260},{"x":530.1298701298701,"y":258.64935064935065},{"x":530.8051948051948,"y":326.1818181818182},{"x":506.15584415584414,"y":328.2077922077922}]]}