{"resistors":[{"polygon":[{"x":673.0735930735931,"y":346.6666666666667},{"x":706.8398268398269,"y":344.8658008658009},{"x":707.7402597402597,"y":434.90909090909093},{"x":674.8744588744589,"y":437.61038961038963}],"colors":["green","blue","black","none","gold","none"]}]}