{"polygons":[[{"x":354.29802513464995,"y":136.33034111310593},{"x":384.45960502693,"y":134.72172351885098},{"x":385.26391382405745,"y":215.15260323159785},{"x":355.90664272890484,"y":217.56552962298025}]]}