{"polygons":[[{"x":362.42424242424244,"y":186.66666666666669},{"x":380.6060606060606,"y":185.6969696969697},{"x":381.0909090909091,"y":234.1818181818182},{"x":363.3939393939394,"y":235.63636363636365}]]}