{"polygons":[[{"x":150.2222222222222,"y":248.44444444444443},{"x":143.61904761904762,"y":416},{"x":715.6190476190476,"y":403.6190476190476},{"x":710.6666666666666,"y":235.2380952380952}]]}