{"polygons":[[{"x":107.85185185185185,"y":178.37037037037035},{"x":103.1111111111111,"y":298.66666666666663},{"x":513.7777777777777,"y":289.77777777777777},{"x":510.2222222222222,"y":168.88888888888889}]]}