{"polygons":[[{"x":118.58823529411765,"y":219.24783027965285},{"x":118.58823529411765,"y":250.56894889103182},{"x":202.18322082931533,"y":240.84860173577627},{"x":201.9672131147541,"y":214.27965284474445}]]}