{"polygons":[[{"x":104.6341463414634,"y":183.58536585365852},{"x":104.6341463414634,"y":321.5121951219512},{"x":472.7560975609756,"y":278.7073170731707},{"x":471.80487804878044,"y":161.7073170731707}]]}