{"polygons":[[{"x":220.23529411764704,"y":407.1745419479267},{"x":220.23529411764704,"y":465.34233365477337},{"x":375.4831243972999,"y":447.29026036644166},{"x":375.08196721311475,"y":397.94792671166823}]]}