{"polygons":[[{"x":165.1764705882353,"y":305.380906460945},{"x":165.1764705882353,"y":349.00675024108006},{"x":281.6123432979749,"y":335.46769527483127},{"x":281.3114754098361,"y":298.4609450337512}]]}