{"polygons":[[{"x":75.1219512195122,"y":131.8048780487805},{"x":75.1219512195122,"y":230.82926829268294},{"x":339.4146341463415,"y":200.09756097560978},{"x":338.7317073170732,"y":116.09756097560977}]]}