{"polygons":[[{"x":270.11197243755385,"y":196.79586563307492},{"x":272.04134366925064,"y":218.40482342807925},{"x":324.520241171404,"y":209.91559000861326},{"x":322.59086993970715,"y":189.8501291989664}]]}