{"polygons":[[{"x":376.22739018087856,"y":274.108527131783},{"x":378.91472868217056,"y":304.20671834625324},{"x":452.01033591731266,"y":292.3824289405685},{"x":449.3229974160207,"y":264.4341085271318}]]}