{"polygons":[[{"x":233.2394366197183,"y":236.61971830985914},{"x":236.61971830985914,"y":274.4788732394366},{"x":328.5633802816901,"y":259.6056338028169},{"x":325.1830985915493,"y":224.4507042253521}]]}