{"resistors":[{"polygon":[{"x":310.98591549295776,"y":315.4929577464789},{"x":315.4929577464789,"y":365.9718309859155},{"x":438.0845070422535,"y":346.14084507042253},{"x":433.5774647887324,"y":299.2676056338028}],"colors":["brown","black","red","none","gold","none"]}]}