{"polygons":[[{"x":167.453954496208,"y":169.88082340195018},{"x":169.88082340195018,"y":197.0617551462622},{"x":235.8916576381365,"y":186.38353196099675},{"x":233.46478873239437,"y":161.14409534127844}]]}