{"polygons":[[{"x":501.63652024117135,"y":365.4780361757106},{"x":505.219638242894,"y":405.6089577950043},{"x":602.6804478897502,"y":389.8432385874246},{"x":599.0973298880275,"y":352.578811369509}]]}