{"polygons":[[{"x":337.2117465224111,"y":109.40340030911901},{"x":410.60896445131374,"y":238.19474497681605},{"x":471.54250386398763,"y":209.11282843894898},{"x":399.53013910355486,"y":73.39721792890262}]]}