{"polygons":[[{"x":469.6877897990726,"y":152.38330757341575},{"x":571.919629057187,"y":331.7712519319938},{"x":656.7913446676971,"y":291.2642967542504},{"x":556.4884080370942,"y":102.23183925811438}]]}