{"polygons":[[{"x":453.6245733788396,"y":155.46757679180888},{"x":491.24914675767917,"y":146.94880546075086},{"x":511.1262798634812,"y":204.4505119453925},{"x":473.50170648464166,"y":214.38907849829351}]]}