{"polygons":[[{"x":51.136212624584715,"y":255.68106312292358},{"x":46.99003322259136,"y":291.6146179401993},{"x":136.1328903654485,"y":299.906976744186},{"x":144.4252491694352,"y":267.42857142857144}]]}