{"polygons":[[{"x":325.679180887372,"y":111.61774744027304},{"x":352.69169510807734,"y":105.50170648464163},{"x":366.9624573378839,"y":146.78498293515358},{"x":339.9499431171786,"y":153.92036405005686}]]}