{"polygons":[[{"x":604.8327645051195,"y":207.2901023890785},{"x":654.9988623435722,"y":195.93174061433447},{"x":681.5017064846417,"y":272.6006825938567},{"x":631.3356086461889,"y":285.85210466439133}]]}