{"polygons":[[{"x":63.33471933471934,"y":54.020790020790024},{"x":57.74636174636175,"y":102.45322245322245},{"x":177.8960498960499,"y":113.62993762993764},{"x":189.0727650727651,"y":69.85446985446985}]]}