{"resistors":[{"polygon":[{"x":68.18161683277962,"y":340.90808416389814},{"x":62.65337763012182,"y":388.81949058693243},{"x":181.51052048726467,"y":399.8759689922481},{"x":192.5669988925803,"y":356.57142857142856}],"colors":["red","black","black","none","gold","none"]}]}