{"polygons":[[{"x":36.713178294573645,"y":183.5658914728682},{"x":33.736434108527135,"y":209.36434108527132},{"x":97.73643410852713,"y":215.31782945736433},{"x":103.68992248062015,"y":192}]]}