{"polygons":[[{"x":245.22875816993462,"y":202.0392156862745},{"x":277.437908496732,"y":201.30718954248366},{"x":281.8300653594771,"y":270.11764705882354},{"x":249.98692810457516,"y":273.4117647058823}]]}