{"polygons":[[{"x":152.0836820083682,"y":307.7573221757322},{"x":180.80334728033475,"y":307.10460251046027},{"x":184.71966527196653,"y":368.4602510460251},{"x":156.326359832636,"y":371.39748953974896}]]}