{"polygons":[[{"x":455.4248366013072,"y":375.21568627450984},{"x":515.2418300653595,"y":373.85620915032683},{"x":523.3986928104575,"y":501.64705882352945},{"x":464.26143790849676,"y":507.764705882353}]]}