{"resistors":[{"polygon":[{"x":202.77824267782427,"y":410.34309623430966},{"x":241.071129707113,"y":409.4728033472804},{"x":246.29288702928872,"y":491.2803347280335},{"x":208.43514644351467,"y":495.1966527196653}],"colors":["brown","black","black","brown","brown","none"]}]}