{"polygons":[[{"x":109.18828451882845,"y":220.9539748953975},{"x":129.80753138075315,"y":220.48535564853557},{"x":132.6192468619247,"y":264.5355648535565},{"x":112.23430962343096,"y":266.64435146443515}]]}