{"polygons":[[{"x":341.5686274509804,"y":281.4117647058823},{"x":386.43137254901956,"y":280.3921568627451},{"x":392.5490196078431,"y":376.235294117647},{"x":348.19607843137254,"y":380.8235294117647}]]}