{"polygons":[[{"x":41.411764705882355,"y":45.17647058823529},{"x":160.94117647058823,"y":43.294117647058826},{"x":136.47058823529412,"y":302.11764705882354},{"x":24.470588235294116,"y":301.1764705882353}]]}