{"polygons":[[{"x":230.7305389221557,"y":134.51497005988026},{"x":227.92814371257487,"y":227.92814371257487},{"x":492.2874251497006,"y":236.33532934131736},{"x":492.2874251497006,"y":128.91017964071858}]]}