{"polygons":[[{"x":165.65269461077844,"y":96.57485029940119},{"x":163.64071856287424,"y":163.64071856287424},{"x":353.437125748503,"y":169.6766467065868},{"x":353.437125748503,"y":92.55089820359281}]]}