{"polygons":[[{"x":110.28837209302327,"y":203.88837209302326},{"x":107.38604651162791,"y":321.4325581395349},{"x":464.37209302325584,"y":334.49302325581397},{"x":470.90232558139536,"y":216.2232558139535}]]}