{"polygons":[[{"x":84.21052631578948,"y":212.98785425101215},{"x":83.17408906882591,"y":254.96356275303643},{"x":210.65587044534414,"y":259.6275303643725},{"x":212.98785425101215,"y":217.39271255060729}]]}