{"polygons":[[{"x":156.39097744360902,"y":395.5488721804511},{"x":154.46616541353382,"y":473.5037593984962},{"x":391.2180451127819,"y":482.16541353383457},{"x":395.5488721804511,"y":403.72932330827064}]]}