{"polygons":[[{"x":117.29323308270676,"y":296.6616541353383},{"x":115.84962406015038,"y":355.12781954887214},{"x":293.4135338345865,"y":361.6240601503759},{"x":296.6616541353383,"y":302.796992481203}]]}