{"polygons":[[{"x":147.05116279069767,"y":271.8511627906977},{"x":143.1813953488372,"y":428.5767441860465},{"x":619.1627906976744,"y":445.9906976744186},{"x":627.8697674418604,"y":288.29767441860463}]]}