{"polygons":[[{"x":79.18139534883721,"y":146.3813953488372},{"x":77.09767441860465,"y":230.77209302325582},{"x":333.3953488372093,"y":240.14883720930231},{"x":338.0837209302326,"y":155.23720930232557}]]}