{"resistors":[{"polygon":[{"x":4.9582836710369484,"y":145.7735399284863},{"x":69.41597139451729,"y":145.7735399284863},{"x":69.41597139451729,"y":315.34684147794997},{"x":1.9833134684147795,"y":317.3301549463647}],"colors":["brown","black","orange","none","gold","none"]}]}