{"polygons":[[{"x":244.10256410256412,"y":205.81196581196582},{"x":277.60683760683764,"y":239.31623931623932},{"x":365.6752136752137,"y":145.5042735042735},{"x":328.34188034188037,"y":118.7008547008547}]]}