{"polygons":[[{"x":99.99124726477024,"y":199.00218818380742},{"x":139.2035010940919,"y":229.39168490153173},{"x":255.85995623632385,"y":124.49890590809628},{"x":211.74617067833697,"y":85.28665207877461}]]}