{"polygons":[[{"x":634.079295154185,"y":367.43612334801765},{"x":719.295154185022,"y":370.18502202643174},{"x":719.295154185022,"y":588.2643171806168},{"x":633.1629955947137,"y":577.2687224669604}]]}