{"polygons":[[{"x":529.8227848101266,"y":355.6455696202532},{"x":600.3037974683544,"y":354.8354430379747},{"x":593.8227848101266,"y":537.9240506329114},{"x":527.3924050632911,"y":539.5443037974684}]]}