{"polygons":[[{"x":532.7313195548489,"y":60.51510333863275},{"x":560.5087440381558,"y":67.45945945945945},{"x":547.6120826709061,"y":121.0302066772655},{"x":525.7869634340223,"y":116.06995230524642}]]}