{"polygons":[[{"x":382.47376788553254,"y":43.446740858505564},{"x":402.41653418124,"y":48.43243243243243},{"x":393.1573926868044,"y":86.89348171701113},{"x":377.4880763116057,"y":83.3322734499205}]]}