{"polygons":[[{"x":205.531914893617,"y":73.27659574468085},{"x":277.6170212765957,"y":45.87234042553191},{"x":344.93617021276594,"y":228.17021276595744},{"x":268.0851063829787,"y":259.1489361702128}]]}