{"polygons":[[{"x":286.27659574468083,"y":102.06382978723404},{"x":386.6808510638298,"y":63.8936170212766},{"x":480.4468085106383,"y":317.8085106382979},{"x":373.40425531914894,"y":360.9574468085106}]]}