{"polygons":[[{"x":235.8955895589559,"y":84.24842484248424},{"x":269.87578757875787,"y":71.33033303330332},{"x":301.6093609360936,"y":157.26372637263725},{"x":265.3825382538254,"y":171.86678667866786}]]}