{"polygons":[[{"x":358.86070038910503,"y":92.75019455252918},{"x":388.2396887159533,"y":81.58132295719844},{"x":415.6762645914397,"y":155.87859922178987},{"x":384.35486381322954,"y":168.50428015564202}]]}