{"polygons":[[{"x":478.4809338521401,"y":123.66692607003891},{"x":517.6529182879377,"y":108.7750972762646},{"x":554.235019455253,"y":207.83813229571984},{"x":512.4731517509728,"y":224.67237354085603}]]}