{"resistors":[{"polygon":[{"x":314.5274527452745,"y":112.33123312331233},{"x":359.8343834383438,"y":95.1071107110711},{"x":402.1458145814581,"y":209.68496849684968},{"x":353.84338433843385,"y":229.15571557155715}],"colors":["brown","black","brown","none","gold","none"]}]}