{"polygons":[[{"x":169.36093609360935,"y":60.486048604860486},{"x":193.75697569756974,"y":51.21152115211521},{"x":216.54005400540052,"y":112.9072907290729},{"x":190.53105310531052,"y":123.39153915391539}]]}