{"polygons":[[{"x":257.64357976653696,"y":66.58988326848248},{"x":278.736186770428,"y":58.57120622568093},{"x":298.43424124513615,"y":111.91284046692607},{"x":275.94708171206224,"y":120.97743190661478}]]}