{"polygons":[[{"x":263.1428571428571,"y":396.85714285714283},{"x":263.1428571428571,"y":441.4285714285714},{"x":372.85714285714283,"y":447.4285714285714},{"x":373.71428571428567,"y":411.4285714285714}]]}