{"polygons":[[{"x":188.92307692307693,"y":284.92307692307696},{"x":188.92307692307693,"y":316.92307692307696},{"x":267.6923076923077,"y":321.2307692307692},{"x":268.3076923076923,"y":295.3846153846154}]]}