{"polygons":[[{"x":104.97071129707113,"y":56.23430962343096},{"x":83.4142259414226,"y":208.06694560669456},{"x":407.69874476987445,"y":250.2426778242678},{"x":425.5062761506276,"y":95.59832635983264}]]}