{"resistors":[{"polygon":[{"x":384,"y":335.81176470588235},{"x":366.6823529411765,"y":457.7882352941176},{"x":627.2,"y":491.67058823529413},{"x":641.5058823529412,"y":367.43529411764706}],"colors":["yellow","white","orange","none","none","none"]}]}