{"polygons":[[{"x":288,"y":251.85882352941175},{"x":275.01176470588234,"y":343.3411764705882},{"x":470.4,"y":368.7529411764706},{"x":481.1294117647059,"y":275.5764705882353}]]}