{"polygons":[[{"x":206.76923076923077,"y":180.8217194570136},{"x":197.44434389140272,"y":246.50135746606335},{"x":337.7230769230769,"y":264.7457013574661},{"x":345.4262443438914,"y":197.84977375565612}]]}