{"polygons":[[{"x":281.80645161290323,"y":7.188940092165899},{"x":357.2903225806452,"y":51.04147465437788},{"x":222.85714285714286,"y":294.02764976958525},{"x":152.40552995391704,"y":257.3640552995392}]]}