{"polygons":[[{"x":202.32258064516128,"y":5.161290322580645},{"x":256.51612903225805,"y":36.64516129032258},{"x":160,"y":211.09677419354838},{"x":109.41935483870968,"y":184.7741935483871}]]}