{"polygons":[[{"x":277.8100558659218,"y":8.342644320297952},{"x":365.4078212290503,"y":59.232774674115454},{"x":209.4003724394786,"y":341.2141527001862},{"x":127.64245810055866,"y":298.6666666666667}]]}