{"polygons":[[{"x":375.741935483871,"y":9.585253456221198},{"x":476.38709677419354,"y":68.0552995391705},{"x":297.1428571428571,"y":392.036866359447},{"x":203.2073732718894,"y":343.15207373271886}]]}