{"polygons":[[{"x":279.4051593323217,"y":114.20940819423369},{"x":279.4051593323217,"y":143.44157814871016},{"x":363.7025796661609,"y":145.48103186646435},{"x":361.6631259484067,"y":113.52959028831563}]]}