{"polygons":[[{"x":389.1714719271624,"y":159.0773899848255},{"x":389.1714719271624,"y":199.793626707132},{"x":506.58573596358116,"y":202.63429438543247},{"x":503.7450682852807,"y":158.13050075872533}]]}