{"polygons":[[{"x":218.09612403100775,"y":194.82790697674417},{"x":194.48062015503876,"y":226.43100775193798},{"x":293.4573643410853,"y":279.91317829457364},{"x":314.9891472868217,"y":243.44806201550387}]]}