{"polygons":[[{"x":309.39068100358423,"y":300.81720430107526},{"x":284.0430107526882,"y":334.7383512544803},{"x":390.27956989247315,"y":392.14336917562724},{"x":413.39068100358423,"y":353.0035842293907}]]}