{"polygons":[[{"x":119.35459662288932,"y":59.67729831144466},{"x":62.19887429643528,"y":136.16510318949344},{"x":301.7485928705441,"y":265.60600375234526},{"x":353.8611632270169,"y":177.35084427767356}]]}