{"resistors":[{"polygon":[{"x":405.0356589147287,"y":361.8232558139535},{"x":361.1782945736434,"y":420.5147286821705},{"x":544.9922480620155,"y":519.8387596899224},{"x":584.9798449612402,"y":452.11782945736434}],"colors":["yellow","violet","black","none","gold","none"]}]}