{"polygons":[[{"x":303.7767441860465,"y":271.36744186046514},{"x":270.8837209302325,"y":315.3860465116279},{"x":408.74418604651163,"y":389.8790697674419},{"x":438.7348837209302,"y":339.0883720930232}]]}