{"polygons":[[{"x":222.12664277180406,"y":215.97132616487454},{"x":203.92831541218638,"y":240.32497013142174},{"x":280.2007168458781,"y":281.5388291517324},{"x":296.7933094384707,"y":253.4384707287933}]]}