{"resistors":[{"polygon":[{"x":412.52090800477896,"y":401.089605734767},{"x":378.72401433691755,"y":446.31780167264037},{"x":520.3727598566309,"y":522.857825567503},{"x":551.1875746714456,"y":470.67144563918754}],"colors":["yellow","violet","black","none","gold","none"]}]}