{"resistors":[{"polygon":[{"x":149.37302325581393,"y":499.2},{"x":161.75627906976743,"y":541.767441860465},{"x":271.65767441860464,"y":506.1655813953488},{"x":256.95255813953486,"y":462.0502325581395}],"colors":["orange","orange","orange","none","gold","none"]}]}