{"resistors":[{"polygon":[{"x":727.7673378076063,"y":487.65995525727067},{"x":885.9776286353467,"y":524.8859060402684},{"x":870.1565995525726,"y":593.7539149888142},{"x":720.3221476510067,"y":550.9440715883669}],"colors":["red","red","yellow","none","gold","none"]}]}