{"polygons":[[{"x":274.19397993311037,"y":201.7748049052397},{"x":273.19509476031214,"y":228.74470457079153},{"x":343.6164994425864,"y":231.2419175027871},{"x":344.61538461538464,"y":207.2686733556299}]]}