{"polygons":[[{"x":615.5026642984014,"y":359.1047957371226},{"x":614.0248667850799,"y":399.0053285968028},{"x":718.2095914742451,"y":402.6998223801066},{"x":719.6873889875666,"y":367.23268206039074}]]}