{"polygons":[[{"x":119.93016488845781,"y":267.23569350145493},{"x":145.5674102812803,"y":265.0630455868089},{"x":158.60329776915617,"y":338.06401551891366},{"x":126.44810863239573,"y":338.93307468477207}]]}