{"resistors":[{"polygon":[{"x":222.7274490785645,"y":496.2948593598448},{"x":270.3394762366634,"y":492.2599418040737},{"x":294.54898157129,"y":627.8331716779825},{"x":234.83220174587777,"y":629.4471387002909}],"colors":["red","black","orange","none","gold","none"]}]}