{"polygons":[[{"x":331.42451154529306,"y":193.36412078152753},{"x":330.6287744227353,"y":214.84902309058614},{"x":386.72824156305506,"y":216.83836589698046},{"x":387.5239786856128,"y":197.740674955595}]]}