{"resistors":[{"polygon":[{"x":509.2173913043478,"y":374.72463768115944},{"x":507.3623188405797,"y":424.81159420289856},{"x":638.1449275362319,"y":429.4492753623189},{"x":640,"y":384.92753623188406}],"colors":["green","blue","brown","none","gold","none"]}]}