{"polygons":[[{"x":461.6269982238011,"y":269.32859680284196},{"x":460.51865008881,"y":299.25399644760216},{"x":538.6571936056839,"y":302.02486678507995},{"x":539.765541740675,"y":275.4245115452931}]]}