{"polygons":[[{"x":167.04558680892336,"y":372.2211445198836},{"x":202.75460717749758,"y":369.19495635305526},{"x":220.9117361784675,"y":470.8748787584869},{"x":176.12415130940835,"y":472.08535402521824}]]}