{"polygons":[[{"x":381.9130434782609,"y":281.04347826086956},{"x":380.52173913043475,"y":318.6086956521739},{"x":478.6086956521739,"y":322.0869565217391},{"x":480,"y":288.69565217391306}]]}