{"polygons":[[{"x":217.54732510288068,"y":136.42798353909464},{"x":284.8395061728395,"y":136.42798353909464},{"x":287.60493827160496,"y":290.3703703703704},{"x":223.07818930041154,"y":287.60493827160496}]]}