{"polygons":[[{"x":125.34296028880865,"y":63.075812274368225},{"x":138.28158844765343,"y":126.96028880866425},{"x":263.6245487364621,"y":99.46570397111913},{"x":256.3465703971119,"y":46.90252707581227}]]}