{"polygons":[[{"x":77.45383104125737,"y":37.846758349705304},{"x":164.5893909626719,"y":17.603143418467585},{"x":224.4400785854617,"y":263.1669941060904},{"x":128.50294695481335,"y":279.0098231827112}]]}