{"polygons":[[{"x":359.2727272727273,"y":14.611570247933885},{"x":513.9834710743802,"y":15.47107438016529},{"x":513.9834710743802,"y":64.46280991735537},{"x":364.4297520661157,"y":72.19834710743802}]]}