{"polygons":[[{"x":308.0860215053763,"y":467.4408602150537},{"x":345.54838709677415,"y":534.5376344086021},{"x":500.9892473118279,"y":445.07526881720423},{"x":465.763440860215,"y":380.21505376344084}]]}