{"resistors":[{"polygon":[{"x":410.78136200716847,"y":623.2544802867384},{"x":460.73118279569894,"y":712.7168458781363},{"x":667.9856630824373,"y":593.4336917562724},{"x":621.0179211469534,"y":506.95340501792117}],"colors":["brown","black","brown","none","gold","none"]}]}