{"polygons":[[{"x":432.83686176836864,"y":497.72353673723535},{"x":458.8692403486924,"y":544.3486924034869},{"x":566.8841843088419,"y":482.1818181818182},{"x":542.4059775840598,"y":437.11083437110835}]]}