{"polygons":[[{"x":310.7546699875467,"y":357.33997509339974},{"x":329.4445828144458,"y":390.81444582814447},{"x":406.9937733499377,"y":346.1818181818182},{"x":389.4196762141968,"y":313.8231631382316}]]}