{"polygons":[[{"x":577.1158156911581,"y":663.6313823163138},{"x":611.8256537982564,"y":725.7982565379825},{"x":755.8455790784558,"y":642.9090909090909},{"x":723.2079701120797,"y":582.8144458281445}]]}