{"polygons":[[{"x":221.1899641577061,"y":335.59856630824373},{"x":248.08602150537635,"y":383.77060931899643},{"x":359.68458781362006,"y":319.54121863799287},{"x":334.39426523297493,"y":272.97491039426524}]]}