{"polygons":[[{"x":213.09363295880152,"y":194.6367041198502},{"x":269.3033707865169,"y":295.310861423221},{"x":502.53183520599254,"y":161.07865168539325},{"x":449.67790262172286,"y":63.76029962546817}]]}