{"polygons":[[{"x":397.2649572649573,"y":120.61538461538463},{"x":457.5726495726496,"y":120.61538461538463},{"x":465.2307692307692,"y":306.3247863247863},{"x":400.13675213675214,"y":307.28205128205127}]]}