{"polygons":[[{"x":86.5609756097561,"y":256.8292682926829},{"x":152.1951219512195,"y":246.36585365853657},{"x":165.5121951219512,"y":419.48780487804873},{"x":97.97560975609755,"y":421.390243902439}]]}