{"polygons":[[{"x":35.65206662553979,"y":186.2751388032079},{"x":54.72177668106107,"y":183.2350400987045},{"x":58.59099321406539,"y":233.53485502776064},{"x":38.968537939543495,"y":234.08760024676127}]]}