{"polygons":[[{"x":30.1822272215973,"y":308.13948256467944},{"x":78.61417322834646,"y":300.41844769403826},{"x":88.44094488188978,"y":428.16647919010126},{"x":38.605174353205854,"y":429.57030371203604}]]}