{"polygons":[[{"x":40.2429696287964,"y":410.8526434195726},{"x":104.81889763779527,"y":400.55793025871765},{"x":117.92125984251969,"y":570.888638920135},{"x":51.473565804274465,"y":572.7604049493814}]]}