{"polygons":[[{"x":62.146341463414636,"y":184.39024390243904},{"x":109.26829268292684,"y":176.87804878048783},{"x":118.82926829268294,"y":301.1707317073171},{"x":70.34146341463415,"y":302.5365853658537}]]}