{"polygons":[[{"x":21.669291338582678,"y":221.22834645669292},{"x":56.44094488188976,"y":215.68503937007873},{"x":63.496062992125985,"y":307.40157480314963},{"x":27.716535433070867,"y":308.40944881889766}]]}