{"polygons":[[{"x":66.21098087600247,"y":345.9395434916718},{"x":101.62615669339914,"y":340.29364589759405},{"x":108.81184454040715,"y":433.7075879086983},{"x":72.37014188772363,"y":434.7341147439852}]]}