{"polygons":[[{"x":49.65823565700185,"y":259.45465761875386},{"x":76.21961752004935,"y":255.22023442319556},{"x":81.60888340530538,"y":325.2806909315238},{"x":54.277606415792725,"y":326.05058605798894}]]}