{"polygons":[[{"x":428.89014084507045,"y":35.15492957746479},{"x":423.26535211267606,"y":74.05971830985915},{"x":527.792676056338,"y":80.15323943661971},{"x":527.792676056338,"y":37.498591549295774}]]}