{"polygons":[[{"x":404.40314510364544,"y":99.91136526090064},{"x":397.2666190135811,"y":149.27233738384558},{"x":529.8870621872766,"y":157.0035739814153},{"x":529.8870621872766,"y":102.88491779842744}]]}