{"polygons":[[{"x":321.6676056338028,"y":26.366197183098592},{"x":317.44901408450704,"y":55.544788732394366},{"x":395.8445070422535,"y":60.114929577464785},{"x":395.8445070422535,"y":28.12394366197183}]]}