{"polygons":[[{"x":217.75553967119373,"y":53.79842744817727},{"x":213.91279485346678,"y":80.37741243745533},{"x":285.3238027162259,"y":84.54038598999286},{"x":285.3238027162259,"y":55.39957112223017}]]}