{"polygons":[[{"x":91.76908752327746,"y":72.58100558659218},{"x":81.75791433891993,"y":141.82495344506518},{"x":267.79888268156424,"y":152.6703910614525},{"x":267.79888268156424,"y":76.75232774674116}]]}