{"polygons":[[{"x":303.3023588277341,"y":74.93352394567549},{"x":297.9499642601859,"y":111.9542530378842},{"x":397.4152966404575,"y":117.75268048606148},{"x":397.4152966404575,"y":77.16368834882059}]]}