{"polygons":[[{"x":230.9408450704225,"y":18.929577464788732},{"x":227.91211267605632,"y":39.878309859154925},{"x":284.19605633802814,"y":43.159436619718306},{"x":284.19605633802814,"y":20.191549295774646}]]}