{"polygons":[[{"x":401.44,"y":354.29333333333335},{"x":474.24,"y":493.65333333333336},{"x":699.5733333333334,"y":364.6933333333333},{"x":642.0266666666666,"y":246.13333333333335}]]}