{"resistors":[{"polygon":[{"x":259.94279427942797,"y":353.30253025302534},{"x":356.04840484048407,"y":537.2761276127613},{"x":653.5181518151816,"y":367.03190319031904},{"x":577.5489548954896,"y":210.51705170517053}],"colors":["yellow","violet","black","none","silver","none"]}]}