{"resistors":[{"polygon":[{"x":201.393991416309,"y":242.8154506437768},{"x":244.2437768240343,"y":239.95879828326179},{"x":244.2437768240343,"y":312.0892703862661},{"x":205.67896995708153,"y":312.0892703862661}],"colors":["yellow","blue","brown","none","gold","none"]}]}