{"polygons":[[{"x":108.44291845493562,"y":130.74678111587983},{"x":131.51587982832618,"y":129.20858369098713},{"x":131.51587982832618,"y":168.0480686695279},{"x":110.75021459227469,"y":168.0480686695279}]]}