{"polygons":[[{"x":151.04549356223177,"y":182.11158798283262},{"x":183.18283261802574,"y":179.96909871244637},{"x":183.18283261802574,"y":234.06695278969957},{"x":154.25922746781117,"y":234.06695278969957}]]}