{"resistors":[{"polygon":[{"x":487.90528808208364,"y":464.921862667719},{"x":518.1120757695343,"y":499.7253354380426},{"x":605.4490923441199,"y":421.58168902920283},{"x":579.8389897395422,"y":390.7182320441989}],"colors":["brown","white","black","brown","brown","none"]}]}