{"polygons":[[{"x":57.00198807157058,"y":304.6043737574553},{"x":57.00198807157058,"y":402.5765407554672},{"x":296.5884691848907,"y":402.5765407554672},{"x":292.13518886679924,"y":309.948310139165}]]}