{"polygons":[[{"x":199.8477801268499,"y":40.72727272727273},{"x":201.74207188160676,"y":143.01902748414375},{"x":444.2114164904862,"y":145.86046511627907},{"x":437.5813953488372,"y":37.885835095137416}]]}