{"polygons":[[{"x":165.1764705882353,"y":424.0495356037152},{"x":141.02786377708978,"y":529.8204334365325},{"x":343.8761609907121,"y":577.1517027863778},{"x":352.0866873065016,"y":466.5510835913313}]]}