{"polygons":[[{"x":215.05084745762713,"y":332.09491525423726},{"x":179.79661016949152,"y":486.50847457627117},{"x":475.9322033898305,"y":555.606779661017},{"x":487.9186440677966,"y":394.1423728813559}]]}