{"polygons":[[{"x":286.73446327683615,"y":442.7932203389831},{"x":239.72881355932205,"y":648.6779661016949},{"x":634.5762711864406,"y":740.8090395480226},{"x":650.5581920903954,"y":525.5231638418079}]]}