{"resistors":[{"polygon":[{"x":220.23529411764704,"y":565.3993808049536},{"x":188.0371517027864,"y":706.4272445820434},{"x":458.5015479876161,"y":769.5356037151703},{"x":469.4489164086687,"y":622.0681114551084}],"colors":["blue","white","black","gold","gold","none"]}]}