{"polygons":[[{"x":289.62025316455697,"y":275.1392405063291},{"x":365.9746835443038,"y":264.60759493670884},{"x":394.2784810126582,"y":457.4683544303797},{"x":321.873417721519,"y":454.1772151898734}]]}