{"polygons":[[{"x":132.49122807017542,"y":194.80701754385964},{"x":125.19298245614034,"y":275.64912280701753},{"x":334.59649122807014,"y":312.140350877193},{"x":340.2105263157895,"y":237.4736842105263}]]}