{"polygons":[[{"x":154.3954802259887,"y":238.42711864406778},{"x":129.08474576271186,"y":349.2881355932203},{"x":341.6949152542373,"y":398.89717514124294},{"x":350.3005649717514,"y":282.974011299435}]]}