{"polygons":[[{"x":118.58823529411765,"y":304.44582043343655},{"x":101.25077399380805,"y":380.38390092879257},{"x":246.88544891640868,"y":414.3653250773994},{"x":252.78018575851394,"y":334.95975232198145}]]}