{"polygons":[[{"x":184.54135338345864,"y":271.3383458646616},{"x":174.37593984962405,"y":383.9398496240601},{"x":466.04511278195486,"y":434.76691729323306},{"x":473.8646616541353,"y":330.76691729323306}]]}