{"polygons":[[{"x":207.93248945147678,"y":197.53586497890296},{"x":262.7510548523207,"y":189.9746835443038},{"x":283.0717299578059,"y":328.4388185654008},{"x":231.08860759493672,"y":326.0759493670886}]]}