{"resistors":[{"polygon":[{"x":386.16033755274265,"y":366.8523206751055},{"x":487.9662447257384,"y":352.8101265822785},{"x":525.704641350211,"y":609.957805907173},{"x":429.16455696202536,"y":605.5696202531645}],"colors":["orange","orange","black","none","gold","none"]}]}