{"polygons":[[{"x":216.90875232774675,"y":352.0595903165736},{"x":210.23463687150837,"y":412.96089385474863},{"x":368.7448789571695,"y":419.63500931098696},{"x":372.91620111731845,"y":358.7337057728119}]]}