{"polygons":[[{"x":106.70699432892249,"y":57.58790170132325},{"x":109.24763705103969,"y":115.1758034026465},{"x":272.69565217391306,"y":121.95085066162571},{"x":271.0018903591682,"y":49.119092627599244}]]}