{"polygons":[[{"x":100.0677966101695,"y":178.16949152542375},{"x":201.76271186440678,"y":195.66101694915255},{"x":147.66101694915255,"y":491.38983050847463},{"x":47.59322033898305,"y":471.0508474576271}]]}