{"polygons":[[{"x":84.28169014084507,"y":77.07042253521126},{"x":196.95774647887325,"y":96.45070422535211},{"x":137.01408450704227,"y":424.11267605633805},{"x":26.140845070422536,"y":401.5774647887324}]]}