{"resistors":[{"polygon":[{"x":156.523138832998,"y":143.1307847082495},{"x":365.7786720321932,"y":179.12273641851107},{"x":254.45472837022135,"y":787.6378269617707},{"x":48.547283702213285,"y":745.7867203219316}],"colors":["blue","red","brown","none","gold","none"]}]}