{"polygons":[[{"x":117.3923541247485,"y":107.34808853118713},{"x":274.33400402414486,"y":134.3420523138833},{"x":190.841046277666,"y":590.728370221328},{"x":36.41046277665996,"y":559.3400402414487}]]}