{"polygons":[[{"x":71.84354628422425,"y":127.91655801825293},{"x":144.8552803129074,"y":140.47457627118644},{"x":106.01303780964797,"y":352.79269882659713},{"x":34.16949152542372,"y":338.1903520208605}]]}