{"resistors":[{"polygon":[{"x":133.4237288135593,"y":237.5593220338983},{"x":269.0169491525424,"y":260.8813559322034},{"x":196.88135593220338,"y":655.1864406779661},{"x":63.45762711864407,"y":628.0677966101695}],"colors":["blue","red","brown","none","gold","none"]}]}