{"resistors":[{"polygon":[{"x":422.4329896907217,"y":360.2474226804124},{"x":422.4329896907217,"y":425.2920962199313},{"x":601.127147766323,"y":443.87628865979383},{"x":603.9862542955326,"y":379.54639175257734}],"colors":["yellow","violet","black","none","gold","none"]}]}