{"resistors":[{"polygon":[{"x":81.06344410876133,"y":765.3897280966767},{"x":106.82779456193353,"y":816.2900302114804},{"x":274.6102719033233,"y":732.7129909365559},{"x":247.58912386706947,"y":679.9274924471299}],"colors":["yellow","violet","black","none","gold","none"]}]}