{"polygons":[[{"x":114.32727272727273,"y":582.1090909090909},{"x":150.1090909090909,"y":652.8},{"x":383.1272727272727,"y":536.7272727272727},{"x":345.59999999999997,"y":463.4181818181818}]]}