{"polygons":[[{"x":248.30169050715213,"y":204.48374512353706},{"x":248.30169050715213,"y":278.32509752925876},{"x":451.1625487646294,"y":299.4226267880364},{"x":454.408322496749,"y":226.3927178153446}]]}