{"polygons":[[{"x":178.26788036410923,"y":146.80884265279585},{"x":178.26788036410923,"y":199.82314694408322},{"x":323.9115734720416,"y":214.9700910273082},{"x":326.2418725617685,"y":162.53836150845254}]]}