{"polygons":[[{"x":43.649546827794566,"y":412.13293051359517},{"x":57.522658610271904,"y":439.54078549848947},{"x":147.86706948640483,"y":394.5377643504532},{"x":133.31722054380666,"y":366.11480362537765}]]}