{"polygons":[[{"x":82.08111888111888,"y":417.92447552447555},{"x":107.77062937062938,"y":468.6769230769231},{"x":275.0657342657343,"y":385.3426573426574},{"x":248.12307692307695,"y":332.71048951048954}]]}