{"polygons":[[{"x":60.797583081571,"y":574.0422960725076},{"x":80.12084592145015,"y":612.2175226586103},{"x":205.95770392749245,"y":549.534743202417},{"x":185.69184290030213,"y":509.94561933534743}]]}