{"polygons":[[{"x":316.82474226804123,"y":270.1855670103093},{"x":316.82474226804123,"y":318.96907216494844},{"x":450.8453608247423,"y":332.90721649484533},{"x":452.9896907216495,"y":284.659793814433}]]}