{"polygons":[[{"x":227.4639175257732,"y":193.979381443299},{"x":227.4639175257732,"y":229.00343642611685},{"x":323.6838487972509,"y":239.01030927835052},{"x":325.22336769759454,"y":204.37113402061857}]]}