{"polygons":[[{"x":304.48141592920354,"y":124.48849557522124},{"x":427.38407079646015,"y":176.0283185840708},{"x":405.97522123893805,"y":218.84601769911504},{"x":291.79469026548674,"y":169.68495575221237}]]}