{"polygons":[[{"x":51.848101265822784,"y":189.56962025316454},{"x":65.62025316455696,"y":231.69620253164555},{"x":184.70886075949366,"y":179.84810126582278},{"x":167.69620253164555,"y":139.34177215189874}]]}