{"polygons":[[{"x":178.54278728606357,"y":143.49144254278727},{"x":178.54278728606357,"y":178.54278728606357},{"x":267.26650366748163,"y":178.54278728606357},{"x":269.4572127139364,"y":144.58679706601467}]]}