{"polygons":[[{"x":136.476821192053,"y":106.80794701986756},{"x":136.476821192053,"y":170.10154525386315},{"x":296.68874172185434,"y":170.10154525386315},{"x":300.64459161147903,"y":108.78587196467991}]]}