{"polygons":[[{"x":248.6845965770171,"y":199.86308068459655},{"x":248.6845965770171,"y":248.6845965770171},{"x":372.2640586797066,"y":248.6845965770171},{"x":375.31540342298285,"y":201.38875305623472}]]}