{"polygons":[[{"x":341.98473282442745,"y":231.6946564885496},{"x":401.8320610687023,"y":230.83969465648855},{"x":401.8320610687023,"y":376.1832061068702},{"x":347.1145038167939,"y":376.1832061068702}]]}