{"resistors":[{"polygon":[{"x":453.75154185022024,"y":211.84845814977973},{"x":497.0008810572687,"y":233.8396475770925},{"x":453.01850220264316,"y":327.66872246696033},{"x":411.2352422907489,"y":307.14361233480173}],"colors":["brown","black","brown","none","gold","none"]}]}