{"polygons":[[{"x":244.32775330396476,"y":114.07224669603524},{"x":267.615859030837,"y":125.9136563876652},{"x":243.9330396475771,"y":176.43700440528636},{"x":221.4343612334802,"y":165.38502202643173}]]}