{"polygons":[[{"x":340.31365638766516,"y":158.8863436123348},{"x":372.7506607929515,"y":175.37973568281936},{"x":339.76387665198234,"y":245.75154185022024},{"x":308.4264317180617,"y":230.3577092511013}]]}