{"polygons":[[{"x":10.873184898354308,"y":43.09002904162634},{"x":28.189738625363024,"y":20.538238141335917},{"x":102.69119070667958,"y":58.393030009680544},{"x":82.15295256534367,"y":83.36108422071636}]]}