{"polygons":[[{"x":21.42899850523169,"y":93.08221225710015},{"x":50.224215246636774,"y":55.58146487294469},{"x":174.11061285500747,"y":118.52914798206278},{"x":139.95814648729447,"y":160.04783258594918}]]}