{"polygons":[[{"x":364.35188509874325,"y":186.59964093357272},{"x":328.96229802513466,"y":238.0754039497307},{"x":466.4991023339318,"y":309.6588868940754},{"x":493.8456014362657,"y":258.9874326750449}]]}