{"polygons":[[{"x":8.154888673765731,"y":32.317521781219746},{"x":21.142303969022265,"y":15.403678606001936},{"x":77.01839303000968,"y":43.794772507260404},{"x":61.614714424007744,"y":62.52081316553727}]]}