{"polygons":[[{"x":29.847533632286996,"y":129.65022421524665},{"x":69.95515695067265,"y":77.4170403587444},{"x":242.51121076233184,"y":165.09417040358744},{"x":194.94170403587444,"y":222.9237668161435}]]}