{"polygons":[[{"x":5.854791868344627,"y":23.202323330106484},{"x":15.179090029041626,"y":11.059051306873185},{"x":55.295256534365926,"y":31.442400774443367},{"x":44.23620522749274,"y":44.88673765730881}]]}