{"polygons":[[{"x":153.09372312983663,"y":316.9183147033534},{"x":261.1177987962167,"y":316.9183147033534},{"x":223.20206362854685,"y":532.9664660361135},{"x":141.6474634565778,"y":532.2510748065348}]]}