{"polygons":[[{"x":417.08239375542064,"y":345.64440589765826},{"x":539.0320901994796,"y":469.7588898525585},{"x":475.5316565481353,"y":543.3616652211622},{"x":347.08759757155246,"y":387.49696444058975}]]}