{"polygons":[[{"x":167.79335793357933,"y":141.34317343173433},{"x":191.7638376383764,"y":214.0811808118081},{"x":367.8228782287823,"y":150.43542435424354},{"x":347.98523985239854,"y":79.35055350553506}]]}