{"polygons":[[{"x":160.94028436018957,"y":122.29763033175355},{"x":173.25497630331753,"y":159.66635071090047},{"x":263.7042654028436,"y":126.96872037914692},{"x":253.5127962085308,"y":90.44928909952607}]]}