{"polygons":[[{"x":224.16682464454976,"y":170.3431279620853},{"x":241.31943127962086,"y":222.39241706161138},{"x":367.30236966824646,"y":176.84928909952606},{"x":353.10710900473936,"y":125.9829383886256}]]}