{"resistors":[{"polygon":[{"x":298.8890995260664,"y":227.12417061611376},{"x":321.75924170616116,"y":296.52322274881516},{"x":489.7364928909953,"y":235.79905213270143},{"x":470.8094786729858,"y":167.97725118483413}],"colors":["yellow","violet","black","none","gold","none"]}]}