{"polygons":[[{"x":243.21996879875195,"y":281.65990639625585},{"x":253.0046801872075,"y":335.4758190327613},{"x":374.6146645865835,"y":308.2184087363495},{"x":362.03432137285495,"y":257.8970358814353}]]}