{"polygons":[[{"x":130.99574468085106,"y":123.91489361702126},{"x":146.92765957446807,"y":200.03404255319148},{"x":308.0170212765957,"y":147.8127659574468},{"x":282.34893617021277,"y":70.80851063829786}]]}