{"polygons":[[{"x":338.7706708268331,"y":392.3120124804992},{"x":352.399375975039,"y":467.26989079563185},{"x":521.7847113884555,"y":429.30421216848674},{"x":504.2620904836194,"y":359.213728549142}]]}