{"polygons":[[{"x":94.04822695035462,"y":88.9645390070922},{"x":105.48652482269505,"y":143.61418439716311},{"x":221.1404255319149,"y":106.12198581560284},{"x":202.71205673758865,"y":50.836879432624116}]]}