{"polygons":[[{"x":192.1307901907357,"y":176.8283378746594},{"x":150.4741144414169,"y":294.14713896457766},{"x":465.449591280654,"y":389.3623978201635},{"x":499.4550408719346,"y":275.4441416893733}]]}