{"polygons":[[{"x":137.94005449591282,"y":126.95367847411444},{"x":108.03269754768392,"y":211.18256130790192},{"x":334.16893732970027,"y":279.5422343324251},{"x":358.58310626702996,"y":197.75476839237058}]]}