{"polygons":[[{"x":256.17438692098096,"y":235.77111716621255},{"x":200.63215258855587,"y":392.19618528610357},{"x":620.5994550408719,"y":519.1498637602181},{"x":665.9400544959128,"y":367.2588555858311}]]}