{"polygons":[[{"x":289.16363636363633,"y":124.40330578512396},{"x":301.75206611570246,"y":215.48429752066113},{"x":485.76528925619834,"y":182.90247933884297},{"x":479.47107438016525,"y":96.26446280991735}]]}