{"polygons":[[{"x":4.669368847712796,"y":69.52171395483498},{"x":10.11696583671106,"y":129.44528083381587},{"x":138.78401852924145,"y":111.02721482339317},{"x":134.63346844238563,"y":52.919513607411695}]]}