{"polygons":[[{"x":6.503763752171395,"y":96.833815865663},{"x":14.09148812970469,"y":180.29878401852923},{"x":193.30631152287202,"y":154.64504921829763},{"x":187.52518818760856,"y":73.70932252460915}]]}