{"polygons":[[{"x":402.76363636363635,"y":173.27603305785124},{"x":420.297520661157,"y":300.1388429752066},{"x":676.6016528925619,"y":254.7570247933884},{"x":667.8347107438016,"y":134.08264462809916}]]}