{"resistors":[{"polygon":[{"x":537.0181818181818,"y":231.03471074380164},{"x":560.396694214876,"y":400.1851239669422},{"x":902.1355371900827,"y":339.6760330578512},{"x":890.4462809917355,"y":178.77685950413223}],"colors":["orange","white","black","none","silver","none"]}]}