{"resistors":[{"polygon":[{"x":8.671685002895194,"y":129.11175448755066},{"x":18.78865083960625,"y":240.3983786913723},{"x":257.7417486971627,"y":206.19339895773015},{"x":250.03358425014474,"y":98.27909669947886}],"colors":["brown","brown","green","none","brown","none"]}]}