{"polygons":[[{"x":384.9279437609842,"y":422.76274165202113},{"x":441.40597539543063,"y":441.40597539543063},{"x":386.572934973638,"y":596.5834797891038},{"x":332.83655536028124,"y":579.03690685413}]]}