{"polygons":[[{"x":159.5270935960591,"y":316.5320197044335},{"x":192,"y":327.2512315270936},{"x":160.4729064039409,"y":416.4729064039409},{"x":129.57635467980296,"y":406.384236453202}]]}