{"polygons":[[{"x":296.26460239268124,"y":587.8451794510908},{"x":356.57142857142856,"y":607.7522871217452},{"x":298.0211118930331,"y":773.4496833216045},{"x":240.6418015482055,"y":754.713581984518}]]}