{"polygons":[[{"x":276.3585237258348,"y":303.5219683655536},{"x":316.9068541300527,"y":316.9068541300527},{"x":277.53954305799647,"y":428.31634446397186},{"x":238.95957820738136,"y":415.7188049209139}]]}