{"polygons":[[{"x":222.1984517945109,"y":440.8838845883181},{"x":267.42857142857144,"y":455.81421534130897},{"x":223.51583391977482,"y":580.0872624912034},{"x":180.48135116115412,"y":566.0351864883885}]]}