{"resistors":[{"polygon":[{"x":513.2372583479789,"y":563.6836555360281},{"x":588.5413005272408,"y":588.5413005272408},{"x":515.4305799648506,"y":795.444639718805},{"x":443.7820738137083,"y":772.0492091388401}],"colors":["brown","black","yellow","none","gold","none"]}]}