{"polygons":[[{"x":162.98507462686567,"y":104.4776119402985},{"x":380.29850746268653,"y":105.31343283582089},{"x":380.29850746268653,"y":190.56716417910448},{"x":165.49253731343282,"y":192.23880597014926}]]}