{"polygons":[[{"x":390,"y":236.2543352601156},{"x":507.22543352601156,"y":236.70520231213874},{"x":507.22543352601156,"y":282.6936416184971},{"x":391.35260115606934,"y":283.59537572254334}]]}