{"polygons":[[{"x":494.47272727272724,"y":277.3333333333333},{"x":576.4121212121212,"y":277.6484848484848},{"x":576.4121212121212,"y":309.79393939393935},{"x":495.4181818181818,"y":310.4242424242424}]]}