{"polygons":[[{"x":280,"y":169.6184971098266},{"x":364.16184971098266,"y":169.94219653179192},{"x":364.16184971098266,"y":202.95953757225433},{"x":280.97109826589593,"y":203.60693641618496}]]}