{"polygons":[[{"x":659.2969696969697,"y":369.77777777777777},{"x":768.5494949494949,"y":370.19797979797977},{"x":768.5494949494949,"y":413.05858585858584},{"x":660.5575757575757,"y":413.8989898989899}]]}