{"polygons":[[{"x":520,"y":315.0057803468208},{"x":676.3005780346821,"y":315.60693641618496},{"x":676.3005780346821,"y":376.9248554913295},{"x":521.8034682080926,"y":378.12716763005784}]]}