{"polygons":[[{"x":355.0060606060606,"y":199.11111111111111},{"x":413.83434343434345,"y":199.33737373737375},{"x":413.83434343434345,"y":222.41616161616162},{"x":355.6848484848485,"y":222.8686868686869}]]}