{"polygons":[[{"x":207.79574468085107,"y":90.87092198581561},{"x":305.6567375886525,"y":127.72765957446809},{"x":212.24397163120568,"y":352.045390070922},{"x":119.46666666666667,"y":317.73049645390074}]]}