{"polygons":[[{"x":266.95384615384614,"y":124.80000000000001},{"x":323.81538461538463,"y":146.21538461538464},{"x":269.53846153846155,"y":276.55384615384617},{"x":215.63076923076923,"y":256.61538461538464}]]}