{"polygons":[[{"x":289.4297872340425,"y":126.57021276595744},{"x":425.73617021276596,"y":177.9063829787234},{"x":295.6255319148936,"y":490.3489361702127},{"x":166.39999999999998,"y":442.55319148936167}]]}