{"polygons":[[{"x":355.9384615384616,"y":166.4},{"x":431.75384615384615,"y":194.95384615384617},{"x":359.3846153846154,"y":368.73846153846154},{"x":287.5076923076923,"y":342.1538461538462}]]}