{"polygons":[[{"x":191.65917159763313,"y":89.60000000000001},{"x":232.4828402366864,"y":104.97514792899409},{"x":193.5147928994083,"y":198.55147928994083},{"x":154.81183431952664,"y":184.23668639053255}]]}