{"polygons":[[{"x":328.02279202279203,"y":209.74738841405508},{"x":375.673314339981,"y":228.46723646723646},{"x":337.38271604938274,"y":357.3789173789174},{"x":288.4558404558405,"y":347.16809116809117}]]}