{"resistors":[{"polygon":[{"x":609.1851851851851,"y":389.53086419753083},{"x":697.679012345679,"y":424.29629629629625},{"x":626.5679012345679,"y":663.7037037037037},{"x":535.7037037037037,"y":644.7407407407406}],"colors":["white","red","black","none","gold","none"]}]}