{"polygons":[[{"x":270.16320885200554,"y":143.13692946058092},{"x":339.56293222683263,"y":170.40110650069155},{"x":283.7952973720609,"y":358.15214384508994},{"x":212.53665283540803,"y":343.2807745504841}]]}