{"polygons":[[{"x":456.88888888888886,"y":292.14814814814815},{"x":523.2592592592592,"y":318.22222222222223},{"x":469.9259259259259,"y":497.77777777777777},{"x":401.77777777777777,"y":483.55555555555554}]]}