{"polygons":[[{"x":376.298755186722,"y":199.36929460580913},{"x":472.9626556016598,"y":237.34439834024897},{"x":395.2863070539419,"y":498.8547717842324},{"x":296.0331950207469,"y":478.1410788381743}]]}