{"polygons":[[{"x":649.9183246073299,"y":333.6712041884817},{"x":713.5162303664921,"y":338.02722513089003},{"x":701.3193717277487,"y":500.07120418848166},{"x":640.3350785340314,"y":493.9727748691099}]]}