{"polygons":[[{"x":463.8661087866109,"y":369.00418410041846},{"x":499.54811715481173,"y":369.00418410041846},{"x":493.4560669456067,"y":439.49790794979083},{"x":464.7364016736402,"y":437.75732217573227}]]}