{"polygons":[[{"x":188.57985257985257,"y":381.75921375921376},{"x":187.04668304668306,"y":546.5749385749385},{"x":630.8992628992629,"y":523.5773955773956},{"x":613.2678132678133,"y":355.6953316953317}]]}