{"polygons":[[{"x":167.4356846473029,"y":512.6639004149378},{"x":166.57261410788382,"y":605.4439834024896},{"x":416.43153526970957,"y":592.4979253112034},{"x":406.5062240663901,"y":497.9917012448133}]]}