{"polygons":[[{"x":139.45661700262926,"y":532.669588080631},{"x":138.90972830850131,"y":591.4601226993865},{"x":297.23400525854515,"y":583.2567922874671},{"x":290.9447852760736,"y":523.3724802804558}]]}