{"polygons":[[{"x":135.39066339066338,"y":274.0835380835381},{"x":134.28992628992629,"y":392.4127764127764},{"x":452.95331695331697,"y":375.9017199017199},{"x":440.2948402948403,"y":255.37100737100738}]]}