{"polygons":[[{"x":100.12269938650307,"y":382.42944785276075},{"x":99.73006134969326,"y":424.63803680981596},{"x":213.39877300613497,"y":418.7484662576687},{"x":208.8834355828221,"y":375.7546012269939}]]}