{"polygons":[[{"x":120.21023513139696,"y":368.0663900414938},{"x":119.59059474412172,"y":434.6777316735823},{"x":298.9764868603043,"y":425.3831258644537},{"x":291.850622406639,"y":357.5325034578147}]]}