{"polygons":[[{"x":223.24757952973718,"y":683.551867219917},{"x":222.09681881051173,"y":807.2586445366528},{"x":555.2420470262794,"y":789.997233748271},{"x":542.0082987551867,"y":663.9889349930843}]]}