{"polygons":[[{"x":185.9421560035057,"y":710.2261174408413},{"x":185.21297107800174,"y":788.6134969325153},{"x":396.3120070113935,"y":777.6757230499561},{"x":387.92638036809814,"y":697.8299737072742}]]}