{"polygons":[[{"x":280.40506329113924,"y":311.34177215189874},{"x":427.1898734177215,"y":345.56962025316454},{"x":408.1012658227848,"y":404.81012658227843},{"x":267.2405063291139,"y":365.9746835443038}]]}