{"polygons":[[{"x":132.74074074074073,"y":202.42962962962963},{"x":207.64444444444445,"y":229.45185185185187},{"x":192.94814814814816,"y":264.53333333333336},{"x":118.9925925925926,"y":238.93333333333334}]]}