{"polygons":[[{"x":184.88888888888889,"y":281.9555555555556},{"x":289.2190476190476,"y":319.5936507936508},{"x":268.74920634920636,"y":368.45714285714286},{"x":165.73968253968255,"y":332.8}]]}