{"polygons":[[{"x":201.31645569620252,"y":223.52742616033754},{"x":306.70042194092827,"y":248.10126582278482},{"x":292.9957805907173,"y":290.63291139240505},{"x":191.8649789029536,"y":262.7510548523207}]]}