{"polygons":[[{"x":246.51851851851853,"y":375.94074074074075},{"x":385.6253968253968,"y":426.1248677248677},{"x":358.33227513227513,"y":491.2761904761905},{"x":220.9862433862434,"y":443.73333333333335}]]}