{"resistors":[{"polygon":[{"x":373.873417721519,"y":415.12236286919835},{"x":569.5864978902954,"y":460.7594936708861},{"x":544.1350210970464,"y":539.746835443038},{"x":356.32067510548524,"y":487.9662447257384}],"colors":["blue","grey","brown","none","gold","none"]}]}