{"polygons":[[{"x":294.7730061349693,"y":240.41226993865033},{"x":402.7288343558282,"y":235.81840490797546},{"x":402.7288343558282,"y":274.8662576687117},{"x":294.7730061349693,"y":280.9914110429448}]]}