{"polygons":[[{"x":211.63190184049083,"y":172.60368098159512},{"x":289.1386503067485,"y":169.30552147239266},{"x":289.1386503067485,"y":197.33987730061352},{"x":211.63190184049083,"y":201.73742331288346}]]}