{"polygons":[[{"x":123.16398713826366,"y":44.655948553054664},{"x":186.54662379421222,"y":41.77491961414791},{"x":187.2668810289389,"y":212.475884244373},{"x":125.32475884244373,"y":212.475884244373}]]}