{"polygons":[[{"x":388.9021276595745,"y":246.87659574468086},{"x":454.67234042553196,"y":246.87659574468086},{"x":450.8595744680851,"y":372.69787234042553},{"x":393.668085106383,"y":369.83829787234043}]]}