{"polygons":[[{"x":144.81663516068053,"y":282.01134215500946},{"x":128.72589792060492,"y":385.33081285444234},{"x":178.69187145557655,"y":395.49338374291113},{"x":195.62948960302458,"y":283.70510396975425}]]}