{"polygons":[[{"x":117.68826619964973,"y":41.58318739054291},{"x":174.9632224168126,"y":39.229422066549915},{"x":172.6094570928196,"y":142.0105078809107},{"x":123.18038528896673,"y":142.79509632224168}]]}