{"polygons":[[{"x":219.982467125861,"y":294.22166562304324},{"x":253.19474013775832,"y":329.7783343769568},{"x":340.3281152160301,"y":264.13525360050096},{"x":314.93049467752036,"y":229.36005009392613}]]}