{"polygons":[[{"x":192.2300653594771,"y":247.69673202614376},{"x":215.3411764705882,"y":272.4392156862745},{"x":275.9738562091503,"y":226.76078431372548},{"x":258.30065359477123,"y":202.56209150326796}]]}