{"polygons":[[{"x":293.3099561678146,"y":392.2955541640576},{"x":337.59298685034435,"y":439.70444583594235},{"x":453.77082028804006,"y":352.1803381340012},{"x":419.9073262366938,"y":305.8134001252348}]]}