{"polygons":[[{"x":138.01132897603486,"y":177.83355119825708},{"x":154.60392156862744,"y":195.59738562091502},{"x":198.1350762527233,"y":162.80261437908496},{"x":185.44662309368192,"y":145.42919389978212}]]}