{"polygons":[[{"x":157.93613024420787,"y":211.23606762680024},{"x":181.78083907326234,"y":236.76393237319974},{"x":244.33813400125234,"y":189.63556668753913},{"x":226.10394489668127,"y":164.66875391358798}]]}