{"resistors":[{"polygon":[{"x":256.30675381263615,"y":330.2623093681917},{"x":287.121568627451,"y":363.25228758169936},{"x":367.96514161220045,"y":302.34771241830066},{"x":344.400871459695,"y":270.082788671024}],"colors":["red","red","brown","gold","brown","none"]}]}