{"polygons":[[{"x":112.9671848013817,"y":277.7754749568221},{"x":178.7357512953368,"y":348.18652849740937},{"x":351.28151986183076,"y":218.19689119170985},{"x":300.98791018998276,"y":149.33333333333334}]]}