{"polygons":[[{"x":297.72549019607845,"y":325.45882352941175},{"x":433.1294117647059,"y":265.0980392156863},{"x":464.12549019607843,"y":322.19607843137254},{"x":323.82745098039214,"y":394.7921568627451}]]}