{"polygons":[[{"x":221.62758620689655,"y":223.3489655172414},{"x":293.0648275862069,"y":191.50344827586207},{"x":309.41793103448276,"y":221.62758620689655},{"x":235.3986206896552,"y":259.928275862069}]]}