{"polygons":[[{"x":223.29411764705884,"y":244.09411764705885},{"x":324.84705882352944,"y":198.82352941176472},{"x":348.09411764705885,"y":241.64705882352942},{"x":242.87058823529415,"y":296.09411764705885}]]}