{"polygons":[[{"x":160.31372549019608,"y":175.24705882352941},{"x":233.2235294117647,"y":142.7450980392157},{"x":249.91372549019607,"y":173.49019607843138},{"x":174.3686274509804,"y":212.58039215686273}]]}