{"polygons":[[{"x":159.11724137931034,"y":160.35310344827587},{"x":210.40551724137933,"y":137.4896551724138},{"x":222.14620689655175,"y":159.11724137931034},{"x":169.0041379310345,"y":186.61517241379312}]]}