{"polygons":[[{"x":295.50344827586207,"y":297.79862068965514},{"x":390.75310344827585,"y":255.33793103448275},{"x":412.5572413793103,"y":295.50344827586207},{"x":313.8648275862069,"y":346.5710344827586}]]}