{"polygons":[[{"x":145.89734513274337,"y":91.9787610619469},{"x":145.89734513274337,"y":140.34690265486725},{"x":267.2141592920354,"y":135.58938053097344},{"x":265.62831858407077,"y":88.0141592920354}]]}