{"polygons":[[{"x":443.24433249370276,"y":245.19899244332493},{"x":515.5465994962217,"y":241.00755667506297},{"x":527.073047858942,"y":412.8564231738035},{"x":446.3879093198992,"y":418.6196473551637}]]}