{"polygons":[[{"x":546.6858513189449,"y":299.28057553956836},{"x":576.6139088729017,"y":299.28057553956836},{"x":579.2741806554757,"y":381.74900079936054},{"x":540.7002398081535,"y":381.74900079936054}]]}