{"polygons":[[{"x":76.1025641025641,"y":36.61538461538461},{"x":230.46153846153845,"y":30.871794871794872},{"x":236.92307692307693,"y":94.05128205128206},{"x":80.41025641025641,"y":96.92307692307692}]]}