{"polygons":[[{"x":280.26291079812205,"y":628.8826291079812},{"x":280.26291079812205,"y":722.6291079812206},{"x":487.2863849765258,"y":714.8169014084507},{"x":487.2863849765258,"y":624.9765258215963}]]}