{"polygons":[[{"x":201.21439749608763,"y":451.50547730829425},{"x":201.21439749608763,"y":518.8106416275431},{"x":349.84663536776213,"y":513.2018779342723},{"x":349.84663536776213,"y":448.70109546165884}]]}