{"polygons":[[{"x":244.53333333333333,"y":270.6666666666667},{"x":252.93333333333334,"y":356.53333333333336},{"x":452.6666666666667,"y":344.4},{"x":443.3333333333333,"y":252}]]}