{"polygons":[[{"x":68.92307692307692,"y":133.94484760522496},{"x":189.2133526850508,"y":41.613933236574745},{"x":228.22641509433961,"y":86.47895500725689},{"x":112.48766328011611,"y":184.66182873730043}]]}