{"polygons":[[{"x":96,"y":186.56603773584905},{"x":263.54716981132077,"y":57.9622641509434},{"x":317.8867924528302,"y":120.45283018867924},{"x":156.67924528301887,"y":257.20754716981133}]]}