{"polygons":[[{"x":-1.6,"y":146.4},{"x":92,"y":8},{"x":153.60000000000002,"y":49.6},{"x":62.400000000000006,"y":191.20000000000002}]]}