{"polygons":[[{"x":339.11284046692606,"y":328.591439688716},{"x":402.24124513618676,"y":306.73929961089493},{"x":468.60700389105057,"y":462.13229571984436},{"x":394.9571984435798,"y":480.74708171206225}]]}