{"polygons":[[{"x":182.59922178988327,"y":176.93385214007782},{"x":216.59143968871595,"y":165.1673151750973},{"x":252.32684824902725,"y":248.84046692607004},{"x":212.66926070038912,"y":258.863813229572}]]}