{"resistors":[{"polygon":[{"x":779.8319327731092,"y":310.3193277310924},{"x":817.4789915966386,"y":292.57142857142856},{"x":861.5798319327731,"y":375.39495798319325},{"x":826.6218487394958,"y":394.75630252100837}],"colors":["yellow","violet","black","none","none","none"]}]}