{"polygons":[[{"x":135.36690647482015,"y":138.1294964028777},{"x":167.59712230215828,"y":122.93525179856115},{"x":205.3525179856115,"y":193.84172661870505},{"x":175.4244604316547,"y":210.41726618705036}]]}