{"polygons":[[{"x":251.39568345323738,"y":256.52620760534427},{"x":311.2517985611511,"y":228.30832476875642},{"x":381.3689619732785,"y":359.9917780061665},{"x":325.78828365878724,"y":390.77492291880776}]]}