{"polygons":[[{"x":188.54676258992805,"y":192.39465570400822},{"x":233.4388489208633,"y":171.2312435765673},{"x":286.0267214799589,"y":269.99383350462483},{"x":244.34121274409043,"y":293.0811921891058}]]}