{"polygons":[[{"x":254.33463035019454,"y":246.44357976653694},{"x":301.6809338521401,"y":230.0544747081712},{"x":351.4552529182879,"y":346.59922178988325},{"x":296.2178988326848,"y":360.5603112840467}]]}