{"polygons":[[{"x":218.83333333333331,"y":261.44444444444446},{"x":238.33333333333331,"y":309.8333333333333},{"x":364.96296296296293,"y":257.1111111111111},{"x":348.35185185185185,"y":209.92592592592592}]]}