{"polygons":[[{"x":157.11111111111111,"y":187.7037037037037},{"x":171.11111111111111,"y":222.44444444444443},{"x":262.02469135802465,"y":184.59259259259258},{"x":250.09876543209876,"y":150.71604938271605}]]}