{"polygons":[[{"x":134.3628831814416,"y":91.30737365368684},{"x":164.4275062137531,"y":165.9121789560895},{"x":359.6619718309859,"y":84.62634631317316},{"x":334.05136702568353,"y":11.87738193869097}]]}