{"polygons":[[{"x":291.77777777777777,"y":348.59259259259255},{"x":317.77777777777777,"y":413.1111111111111},{"x":486.61728395061726,"y":342.8148148148148},{"x":464.4691358024691,"y":279.9012345679012}]]}