{"polygons":[[{"x":249.53106876553437,"y":169.57083678541838},{"x":305.36536868268433,"y":308.122618061309},{"x":667.9436619718309,"y":157.1632145816073},{"x":620.3811101905551,"y":22.057995028997514}]]}