{"polygons":[[{"x":187.1483015741508,"y":127.17812758906379},{"x":229.02402651201325,"y":231.09196354598177},{"x":500.9577464788733,"y":117.87241093620547},{"x":465.2858326429163,"y":16.543496271748136}]]}