{"polygons":[[{"x":326.72323232323237,"y":117.65656565656566},{"x":378.31111111111113,"y":112.22626262626264},{"x":397.31717171717173,"y":248.8888888888889},{"x":346.63434343434346,"y":251.60404040404043}]]}