{"polygons":[[{"x":540.7569803516029,"y":466.5480868665977},{"x":577.5387797311272,"y":462.6763185108583},{"x":591.0899689762151,"y":560.1158221302999},{"x":554.9534643226474,"y":562.0517063081696}]]}