{"polygons":[[{"x":14.847262247838616,"y":273.06051873198845},{"x":50.997118155619596,"y":273.06051873198845},{"x":50.997118155619596,"y":364.0806916426513},{"x":15.492795389048991,"y":364.0806916426513}]]}