{"polygons":[[{"x":388.23578076525337,"y":334.95760082730095},{"x":414.6432264736298,"y":332.17786970010343},{"x":424.3722854188211,"y":402.134436401241},{"x":398.4281282316443,"y":403.5243019648397}]]}