{"polygons":[[{"x":20.680115273775215,"y":380.3342939481268},{"x":71.03170028818444,"y":380.3342939481268},{"x":71.03170028818444,"y":507.1123919308357},{"x":21.579250720461097,"y":507.1123919308357}]]}