{"resistors":[{"polygon":[{"x":721.0093071354705,"y":622.0641158221304},{"x":770.0517063081696,"y":616.9017580144778},{"x":788.1199586349535,"y":746.8210961737333},{"x":739.9379524301966,"y":749.4022750775595}],"colors":["red","blue","brown","none","gold","none"]}]}