{"polygons":[[{"x":34.31884057971015,"y":88.11594202898551},{"x":86.26086956521739,"y":88.11594202898551},{"x":86.26086956521739,"y":218.8985507246377},{"x":35.2463768115942,"y":218.8985507246377}]]}