{"polygons":[[{"x":336.58181818181816,"y":266.24},{"x":394.06545454545454,"y":263.97090909090906},{"x":397.8472727272727,"y":399.36},{"x":335.0690909090909,"y":399.36}]]}