{"polygons":[[{"x":241.64848484848488,"y":191.14666666666668},{"x":282.9187878787879,"y":189.51757575757577},{"x":285.63393939393944,"y":286.72},{"x":240.56242424242427,"y":286.72}]]}