{"resistors":[{"polygon":[{"x":38.21294363256785,"y":81.63674321503132},{"x":143.29853862212946,"y":26.05427974947808},{"x":277.04384133611694,"y":220.59290187891443},{"x":170.2212943632568,"y":288.33402922755744}],"colors":["brown","black","orange","none","gold","none"]}]}