{"polygons":[[{"x":150.3305978898007,"y":259.32942555685815},{"x":271.03399765533413,"y":254.5744431418523},{"x":271.7655334114889,"y":304.68464243845256},{"x":151.42790152403282,"y":305.78194607268466}]]}