{"polygons":[[{"x":124.73146622734762,"y":94.47116968698518},{"x":368.28995057660626,"y":84.87644151565074},{"x":369.7660626029654,"y":185.99011532125206},{"x":126.94563426688633,"y":188.20428336079078}]]}