{"polygons":[[{"x":200.44079718640094,"y":345.7725674091442},{"x":361.3786635404455,"y":339.432590855803},{"x":362.3540445486518,"y":406.2461899179367},{"x":201.90386869871043,"y":407.70926143024616}]]}