{"polygons":[[{"x":107.92966002344667,"y":186.18522860492382},{"x":194.58851113716298,"y":182.77139507620166},{"x":195.1137162954279,"y":218.74794841735056},{"x":108.71746776084409,"y":219.53575615474796}]]}