{"polygons":[[{"x":404.6147368421053,"y":113.63368421052631},{"x":438.7705263157895,"y":84.07578947368421},{"x":495.9157894736842,"y":146.47578947368422},{"x":463.0736842105263,"y":175.37684210526317}]]}