{"polygons":[[{"x":290.49263157894734,"y":81.58315789473684},{"x":315.01473684210526,"y":60.36210526315789},{"x":356.0421052631579,"y":105.1621052631579},{"x":332.4631578947368,"y":125.91157894736841}]]}