{"polygons":[[{"x":260.9885931558935,"y":239.63498098859316},{"x":302.11406844106466,"y":204.04562737642584},{"x":370.92015209125475,"y":279.1787072243346},{"x":331.3764258555133,"y":313.9771863117871}]]}