{"polygons":[[{"x":187.3764258555133,"y":172.04562737642587},{"x":216.9024081115336,"y":146.49429657794676},{"x":266.30164765525984,"y":200.4359949302915},{"x":237.91128010139417,"y":225.4195183776933}]]}