{"resistors":[{"polygon":[{"x":539.4863157894737,"y":151.51157894736843},{"x":585.0273684210526,"y":112.10105263157895},{"x":661.221052631579,"y":195.30105263157895},{"x":617.4315789473684,"y":233.83578947368423}],"colors":["brown","brown","brown","none","gold","none"]}]}