{"polygons":[[{"x":42.31111111111111,"y":137.71851851851852},{"x":98.72592592592592,"y":124.44444444444444},{"x":123.6148148148148,"y":291.2},{"x":70.51851851851852,"y":302.8148148148148}]]}