{"polygons":[[{"x":352.4776119402985,"y":221.61194029850745},{"x":413.6119402985075,"y":222.56716417910448},{"x":408.8358208955224,"y":386.86567164179104},{"x":342.92537313432837,"y":384.95522388059703}]]}