{"polygons":[[{"x":203.33632286995515,"y":110.0627802690583},{"x":267.695067264574,"y":103.53363228699551},{"x":283.5515695067265,"y":260.23318385650225},{"x":226.65470852017938,"y":260.23318385650225}]]}