{"polygons":[[{"x":145.9850523168909,"y":79.01943198804186},{"x":192.19133034379672,"y":74.33183856502242},{"x":203.57548579970106,"y":186.8340807174888},{"x":162.72645739910314,"y":186.8340807174888}]]}