{"polygons":[[{"x":204.32432432432432,"y":164.97297297297297},{"x":204.32432432432432,"y":205.0810810810811},{"x":317.0810810810811,"y":204.32432432432432},{"x":314.81081081081084,"y":168.75675675675677}]]}