{"polygons":[[{"x":180.55986509274874,"y":119.36593591905564},{"x":249.3086003372681,"y":121.63237774030354},{"x":241.75379426644182,"y":283.30522765598647},{"x":172.2495784148398,"y":268.9510961214165}]]}