{"polygons":[[{"x":145.97752808988764,"y":138.78651685393257},{"x":201.34831460674155,"y":135.19101123595505},{"x":201.34831460674155,"y":286.92134831460675},{"x":148.13483146067415,"y":286.92134831460675}]]}