{"polygons":[[{"x":143.33118971061094,"y":329.15755627009645},{"x":136.12861736334406,"y":384.61736334405145},{"x":296.0257234726688,"y":406.9453376205788},{"x":296.0257234726688,"y":357.96784565916397}]]}