{"polygons":[[{"x":89.99126637554585,"y":138.8995633187773},{"x":87.05676855895196,"y":206.39301310043666},{"x":273.88646288209605,"y":209.32751091703057},{"x":272.90829694323145,"y":144.76855895196505}]]}