{"polygons":[[{"x":200.05219012115566,"y":305.3122087604846},{"x":198.3075489282386,"y":345.4389561975769},{"x":309.3830382106244,"y":347.18359739049396},{"x":308.80149114631877,"y":308.80149114631877}]]}