{"resistors":[{"polygon":[{"x":266.7362534948742,"y":407.0829450139795},{"x":264.41006523765145,"y":460.5852749301025},{"x":412.5107176141659,"y":462.91146318732524},{"x":411.735321528425,"y":411.735321528425}],"colors":["yellow","grey","black","none","gold","none"]}]}