{"polygons":[[{"x":229.15930902111324,"y":305.81190019193855},{"x":227.96161228406908,"y":333.3589251439539},{"x":304.21497120921305,"y":334.5566218809981},{"x":303.81573896353166,"y":308.2072936660268}]]}