{"resistors":[{"polygon":[{"x":305.5457453614843,"y":407.74920025591814},{"x":303.9488163787588,"y":444.47856685860523},{"x":405.6199616122841,"y":446.0754958413308},{"x":405.08765195137556,"y":410.94305822136914}],"colors":["yellow","grey","black","none","gold","none"]}]}