{"polygons":[[{"x":143.62721342031688,"y":219.19850885368126},{"x":142.37465051258155,"y":248.00745573159367},{"x":222.12115563839703,"y":249.260018639329},{"x":221.7036346691519,"y":221.7036346691519}]]}