{"polygons":[[{"x":164.52463211772235,"y":219.5572616762636},{"x":163.66474728087013,"y":239.33461292386437},{"x":218.41074856046066,"y":240.1944977607166},{"x":218.12412028150993,"y":221.277031349968}]]}