{"polygons":[[{"x":124.8780487804878,"y":168.58536585365854},{"x":117.85365853658537,"y":283.3170731707317},{"x":423.0243902439025,"y":280.1951219512195},{"x":424.5853658536586,"y":162.34146341463415}]]}