{"polygons":[[{"x":93.55517826825128,"y":215.7600452744765},{"x":91.27334465195247,"y":253.02999434069045},{"x":190.40633842671195,"y":252.01584606677986},{"x":190.91341256366724,"y":213.73174872665535}]]}