{"resistors":[{"polygon":[{"x":173.7453310696095,"y":400.6972269383135},{"x":169.50764006791172,"y":469.9128466327108},{"x":353.6117713638936,"y":468.029428409734},{"x":354.553480475382,"y":396.93039049235995}],"colors":["green","blue","black","none","gold","none"]}]}