{"polygons":[[{"x":130.30899830220713,"y":300.52292020373517},{"x":127.13073005093379,"y":352.4346349745331},{"x":265.2088285229202,"y":351.0220713073005},{"x":265.9151103565365,"y":297.69779286926996}]]}