{"polygons":[[{"x":337.5957104557641,"y":224.171581769437},{"x":336.9265415549598,"y":253.9495978552279},{"x":425.25683646112606,"y":253.9495978552279},{"x":424.2530831099196,"y":228.18659517426275}]]}