{"polygons":[[{"x":185.5693779904306,"y":149.43540669856458},{"x":184.95693779904306,"y":176.688995215311},{"x":265.79904306220095,"y":176.688995215311},{"x":264.8803827751196,"y":153.11004784688996}]]}