{"polygons":[[{"x":242.37640750670244,"y":160.94369973190348},{"x":241.89597855227882,"y":182.32278820375336},{"x":305.31260053619303,"y":182.32278820375336},{"x":304.59195710455765,"y":163.82627345844506}]]}