{"resistors":[{"polygon":[{"x":344.6288448393712,"y":277.5228981544771},{"x":343.49145591250857,"y":328.13670539986333},{"x":493.62679425837325,"y":328.13670539986333},{"x":491.9207108680793,"y":284.3472317156528}],"colors":["red","red","brown","gold","brown","none"]}]}