{"resistors":[{"polygon":[{"x":450.12761394101875,"y":298.89544235924933},{"x":449.23538873994636,"y":338.5994638069705},{"x":567.0091152815013,"y":338.5994638069705},{"x":565.6707774798928,"y":304.2487935656836}],"colors":["red","red","brown","gold","brown","none"]}]}