{"polygons":[[{"x":178.3927927927928,"y":100.9009009009009},{"x":176.77837837837836,"y":172.74234234234234},{"x":389.88108108108105,"y":172.74234234234234},{"x":387.4594594594594,"y":110.58738738738738}]]}