{"polygons":[[{"x":258.47163362952836,"y":208.1421736158578},{"x":257.6185919343814,"y":246.10252904989747},{"x":370.2200956937799,"y":246.10252904989747},{"x":368.94053315105947,"y":213.26042378673958}]]}