{"polygons":[[{"x":369.4438738077769,"y":262.6206896551724},{"x":369.4438738077769,"y":284.97138664710195},{"x":428.2787967718268,"y":284.3140132061629},{"x":427.9501100513573,"y":263.2780630961115}]]}