{"polygons":[[{"x":514.5825385179751,"y":365.7931034482758},{"x":514.5825385179751,"y":396.9244314013206},{"x":596.5311812179017,"y":396.008804108584},{"x":596.0733675715334,"y":366.70873074101246}]]}