{"polygons":[[{"x":254.19718309859155,"y":278.53521126760563},{"x":254.19718309859155,"y":324.50704225352115},{"x":375.2112676056338,"y":323.15492957746477},{"x":374.53521126760563,"y":279.88732394366195}]]}