{"polygons":[[{"x":686.1100513573001,"y":487.72413793103453},{"x":686.1100513573001,"y":529.2325752017608},{"x":795.3749082905356,"y":528.0117388114454},{"x":794.7644900953779,"y":488.94497432135}]]}