{"polygons":[[{"x":182.50054171180932,"y":199.97399783315277},{"x":182.50054171180932,"y":232.97941495124596},{"x":269.38244853737814,"y":232.00866738894908},{"x":268.8970747562297,"y":200.94474539544962}]]}