{"resistors":[{"polygon":[{"x":338.92957746478874,"y":371.38028169014086},{"x":338.92957746478874,"y":432.67605633802816},{"x":500.28169014084506,"y":430.8732394366197},{"x":499.38028169014086,"y":373.1830985915493}],"colors":["orange","orange","brown","none","gold","none"]}]}