{"polygons":[[{"x":122.22505307855627,"y":91.78768577494692},{"x":118.42038216560509,"y":157.41825902335458},{"x":297.23991507431,"y":174.53927813163483},{"x":300.56900212314224,"y":113.66454352441613}]]}