{"polygons":[[{"x":384.5281980742779,"y":191.40577716643742},{"x":488.38514442916096,"y":196.55570839064652},{"x":481.51856946354883,"y":444.6107290233838},{"x":364.78679504814306,"y":428.302613480055}]]}