{"polygons":[[{"x":150.64491844416563,"y":97.24466750313675},{"x":130.4090338770389,"y":193.9272271016311},{"x":335.57841907151817,"y":233.27478042659973},{"x":341.76160602258466,"y":128.16060225846925}]]}