{"polygons":[[{"x":170.2420382165605,"y":127.84713375796177},{"x":164.94267515923565,"y":219.2611464968153},{"x":414.01273885350315,"y":243.10828025477704},{"x":418.64968152866237,"y":158.3184713375796}]]}