{"resistors":[{"polygon":[{"x":438.7692307692308,"y":515.0769230769231},{"x":416.61538461538464,"y":620.9230769230769},{"x":641.2307692307693,"y":664},{"x":648,"y":548.9230769230769}],"colors":["yellow","white","black","gold","gold","none"]}]}