{"polygons":[[{"x":236.2603550295858,"y":277.3491124260355},{"x":224.33136094674558,"y":334.34319526627223},{"x":345.2781065088758,"y":357.53846153846155},{"x":348.92307692307696,"y":295.57396449704146}]]}