{"polygons":[[{"x":209.8268506900878,"y":135.44792973651192},{"x":181.64115432873274,"y":270.1129234629862},{"x":467.4127979924718,"y":324.91844416562105},{"x":476.0250941028858,"y":178.5094102885822}]]}