{"polygons":[[{"x":226.98938428874735,"y":170.46284501061572},{"x":219.9235668789809,"y":292.34819532908705},{"x":552.0169851380043,"y":324.1443736730361},{"x":558.1995753715499,"y":211.09129511677284}]]}