{"polygons":[[{"x":329.0769230769231,"y":386.3076923076923},{"x":312.46153846153845,"y":465.69230769230774},{"x":480.92307692307696,"y":498},{"x":486,"y":411.69230769230774}]]}