{"polygons":[[{"x":276.0715268225585,"y":137.41953232462174},{"x":350.63548830811555,"y":141.11691884456673},{"x":345.7056396148556,"y":319.20770288858324},{"x":261.89821182943604,"y":307.4993122420908}]]}