{"polygons":[[{"x":341.04255319148933,"y":308.6808510638298},{"x":347.6808510638298,"y":409.0851063829787},{"x":616.531914893617,"y":404.1063829787234},{"x":601.595744680851,"y":314.48936170212767}]]}