{"polygons":[[{"x":244.85106382978722,"y":221.61702127659572},{"x":249.61702127659572,"y":293.70212765957444},{"x":442.6382978723404,"y":290.12765957446805},{"x":431.9148936170213,"y":225.7872340425532}]]}