{"polygons":[[{"x":256.65084745762715,"y":174.6440677966102},{"x":347.76949152542375,"y":173.88474576271187},{"x":343.2135593220339,"y":408.51525423728816},{"x":249.05762711864406,"y":407.7559322033898}]]}