{"resistors":[{"polygon":[{"x":473.1156756756757,"y":480.3113513513514},{"x":629.6216216216217,"y":570.2572972972973},{"x":597.2410810810811,"y":644.012972972973},{"x":429.0421621621622,"y":543.2735135135135}],"colors":["brown","black","orange","none","gold","none"]}]}