{"polygons":[[{"x":159.10280373831776,"y":160.77757009345794},{"x":188.41121495327104,"y":150.72897196261684},{"x":208.50841121495327,"y":218.5570093457944},{"x":175.85046728971963,"y":221.90654205607478}]]}