{"polygons":[[{"x":161.04015296367115,"y":224.42829827915872},{"x":191.87762906309752,"y":192.73422562141494},{"x":292.9560229445507,"y":268.1147227533461},{"x":262.9751434034417,"y":302.3785850860421}]]}