{"polygons":[[{"x":216.5091693635383,"y":189.92880258899677},{"x":233.9072276159655,"y":172.04746494066882},{"x":290.9341963322546,"y":214.57605177993528},{"x":274.0194174757282,"y":233.9072276159655}]]}