{"polygons":[[{"x":301.5663430420712,"y":264.54368932038835},{"x":325.7993527508091,"y":239.63754045307442},{"x":405.22977346278316,"y":298.873786407767},{"x":381.66990291262135,"y":325.7993527508091}]]}