{"polygons":[[{"x":402.0884573894283,"y":352.72491909385116},{"x":434.39913700107877,"y":319.51672060409925},{"x":540.3063646170442,"y":398.49838187702267},{"x":508.8932038834952,"y":434.39913700107877}]]}