{"polygons":[[{"x":129.1435674331883,"y":278.06587942821625},{"x":255.18458669981354,"y":279.6171535114978},{"x":255.57240522063393,"y":320.33809819763826},{"x":136.12430080795525,"y":322.2771908017402}]]}