{"polygons":[[{"x":172.1914232442511,"y":370.7545059042884},{"x":340.2461155997514,"y":372.8228713486638},{"x":340.76320696084525,"y":427.1174642635177},{"x":181.49906774394034,"y":429.70292106898694}]]}