{"polygons":[[{"x":92.71845866998136,"y":199.6370416407707},{"x":183.20944686140461,"y":200.75077688004973},{"x":183.48788067122436,"y":229.98632691112493},{"x":97.73026724673711,"y":231.37849596022374}]]}