{"polygons":[[{"x":38.15225806451613,"y":73.4141935483871},{"x":226.02322580645165,"y":75.72645161290323},{"x":226.60129032258067,"y":136.42322580645163},{"x":48.557419354838714,"y":139.31354838709677}]]}