{"polygons":[[{"x":53.14064516129032,"y":102.25548387096774},{"x":314.818064516129,"y":105.47612903225807},{"x":315.6232258064516,"y":190.01806451612904},{"x":67.63354838709678,"y":194.04387096774195}]]}