{"polygons":[[{"x":62.0990099009901,"y":174.8910891089109},{"x":104.55445544554456,"y":171.0891089108911},{"x":121.66336633663366,"y":266.7722772277228},{"x":77.94059405940594,"y":271.2079207920792}]]}