{"polygons":[[{"x":208.28070175438594,"y":121.82456140350877},{"x":206.3157894736842,"y":171.9298245614035},{"x":337.96491228070175,"y":172.91228070175438},{"x":337.96491228070175,"y":126.73684210526315}]]}