{"polygons":[[{"x":86.4950495049505,"y":243.5983026874116},{"x":145.62942008486564,"y":238.30268741159833},{"x":169.45968882602546,"y":371.5756718528996},{"x":108.56011315417257,"y":377.7538896746818}]]}