{"resistors":[{"polygon":[{"x":26.289962825278813,"y":554.0223048327138},{"x":89.30855018587361,"y":557.5018587360595},{"x":58.37918215613383,"y":707.5092936802974},{"x":-3.092936802973978,"y":700.550185873606}],"colors":["brown","black","orange","none","gold","none"]}]}