{"polygons":[[{"x":224.88311688311688,"y":172.2077922077922},{"x":226.23376623376623,"y":271.4805194805195},{"x":476.7792207792208,"y":274.1818181818182},{"x":477.45454545454544,"y":191.7922077922078}]]}