{"polygons":[[{"x":299.84415584415586,"y":229.61038961038963},{"x":301.64502164502164,"y":361.974025974026},{"x":635.7056277056278,"y":365.5757575757576},{"x":636.6060606060606,"y":255.72294372294374}]]}