{"polygons":[[{"x":67.37275064267352,"y":50.529562982005146},{"x":198.10796915167097,"y":57.74807197943445},{"x":133.94344473007712,"y":368.94601542416456},{"x":6.416452442159383,"y":354.5089974293059}]]}