{"polygons":[[{"x":48.37017994858612,"y":36.27763496143959},{"x":142.23136246786632,"y":41.46015424164525},{"x":96.16452442159384,"y":264.8843187660668},{"x":4.60668380462725,"y":254.51928020565555}]]}