{"polygons":[[{"x":161.45454545454547,"y":123.63636363636364},{"x":162.42424242424244,"y":194.9090909090909},{"x":342.3030303030303,"y":196.84848484848484},{"x":342.7878787878788,"y":137.6969696969697}]]}