{"polygons":[[{"x":162.68156424581005,"y":110.12290502793296},{"x":220.24581005586592,"y":110.12290502793296},{"x":210.23463687150837,"y":249.44506517690874},{"x":152.6703910614525,"y":249.44506517690874}]]}