{"polygons":[[{"x":173.98874296435272,"y":283.25703564727957},{"x":165.58348968105068,"y":342.093808630394},{"x":318.55909943714823,"y":350.4990619136961},{"x":320.24015009380867,"y":297.54596622889306}]]}