{"polygons":[[{"x":220.13793103448276,"y":105.04827586206896},{"x":271.88965517241377,"y":102.73103448275862},{"x":271.1172413793103,"y":234.81379310344826},{"x":217.04827586206898,"y":237.90344827586208}]]}