{"polygons":[[{"x":169.6907593778591,"y":188.9551692589204},{"x":168.05123513266238,"y":221.74565416285452},{"x":255.355901189387,"y":222.1555352241537},{"x":255.355901189387,"y":193.8737419945105}]]}