{"polygons":[[{"x":236.35498627630375,"y":263.18755718206774},{"x":234.07136322049405,"y":308.86001829826165},{"x":355.67429094236047,"y":309.4309240622141},{"x":355.67429094236047,"y":270.03842634949683}]]}