{"polygons":[[{"x":315.13998170173835,"y":350.9167429094236},{"x":312.0951509606587,"y":411.81335773101557},{"x":474.2323879231473,"y":412.57456541628545},{"x":474.2323879231473,"y":360.0512351326624}]]}