{"polygons":[[{"x":124.35862068965517,"y":115.86206896551724},{"x":117.40689655172413,"y":233.26896551724138},{"x":420.19310344827585,"y":245.62758620689655},{"x":417.10344827586204,"y":130.53793103448277}]]}