{"polygons":[[{"x":517.0763052208835,"y":288.1927710843373},{"x":509.5582329317269,"y":415.1646586345381},{"x":837.0120481927711,"y":428.53012048192767},{"x":833.6706827309237,"y":304.0642570281124}]]}