{"resistors":[{"polygon":[{"x":545.8139790864062,"y":500.4821133736929},{"x":541.6929003852505,"y":570.082553659879},{"x":721.1887727022565,"y":577.4089157952669},{"x":719.3571821684095,"y":509.18216840946616}],"colors":["green","blue","red","none","gold","none"]}]}