{"polygons":[[{"x":293.89983489268025,"y":269.4903687396808},{"x":291.68079251513484,"y":306.967528893781},{"x":388.3324160704458,"y":310.9124931205283},{"x":387.34617501375897,"y":274.1750137589433}]]}