{"polygons":[[{"x":387.8072289156627,"y":216.14457831325302},{"x":382.1686746987952,"y":311.3734939759036},{"x":627.7590361445783,"y":321.3975903614458},{"x":625.2530120481928,"y":228.04819277108433}]]}