{"polygons":[[{"x":409.36048431480464,"y":375.3615850302697},{"x":406.26967528893783,"y":427.56191524490924},{"x":540.8915795266923,"y":433.0566868464502},{"x":539.5178866263071,"y":381.8866263070996}]]}