{"polygons":[[{"x":278.42570281124495,"y":155.18072289156626},{"x":274.37751004016064,"y":223.55020080321285},{"x":450.69879518072287,"y":230.74698795180723},{"x":448.8995983935743,"y":163.72690763052208}]]}