{"polygons":[[{"x":58.031088082901555,"y":47.972366148531954},{"x":56.48359240069085,"y":127.66839378238343},{"x":253.0155440414508,"y":104.4559585492228},{"x":239.86183074265978,"y":30.17616580310881}]]}