{"polygons":[[{"x":220.416,"y":327.936},{"x":220.416,"y":413.056},{"x":470.40000000000003,"y":402.30400000000003},{"x":464.128,"y":317.184}]]}