{"polygons":[[{"x":226.98710675605983,"y":383.60391954615784},{"x":231.2779783393502,"y":441.1015987622486},{"x":402.91284167096444,"y":432.09076843733885},{"x":396.04744713769986,"y":374.16400206291905}]]}