{"polygons":[[{"x":170.24033006704488,"y":287.7029396596184},{"x":173.45848375451263,"y":330.82619907168646},{"x":302.1846312532233,"y":324.0680763280041},{"x":297.0355853532749,"y":280.6230015471893}]]}