{"polygons":[[{"x":327.11733800350265,"y":288.5043782837128},{"x":334.4028021015762,"y":386.1295971978984},{"x":625.8213660245184,"y":370.83012259194396},{"x":614.1646234676007,"y":272.47635726795096}]]}