{"polygons":[[{"x":90.89855072463767,"y":97.39130434782608},{"x":98.11272141706924,"y":194.06119162640903},{"x":386.67954911433173,"y":178.91143317230274},{"x":375.13687600644124,"y":81.52012882447664}]]}