{"polygons":[[{"x":176.1401050788091,"y":155.34851138353764},{"x":180.0630472854641,"y":207.91593695271453},{"x":336.98073555166377,"y":199.67775831873905},{"x":330.70402802101574,"y":146.71803852889667}]]}