{"polygons":[[{"x":122.22382671480145,"y":206.55595667870037},{"x":124.53429602888087,"y":237.51624548736464},{"x":216.95306859205778,"y":232.66425992779784},{"x":213.2563176895307,"y":201.47292418772565}]]}