{"polygons":[[{"x":245.33800350262695,"y":216.37828371278457},{"x":250.8021015761821,"y":289.5971978984238},{"x":469.36602451838877,"y":278.12259194395796},{"x":460.6234676007005,"y":204.3572679509632}]]}