{"polygons":[[{"x":117.55371900826447,"y":52.760330578512395},{"x":191.60330578512398,"y":52.760330578512395},{"x":201.78512396694217,"y":243.43801652892563},{"x":133.28925619834712,"y":243.43801652892563}]]}