{"polygons":[[{"x":133.85365853658536,"y":78.3089430894309},{"x":135.67479674796746,"y":143.869918699187},{"x":323.2520325203252,"y":138.40650406504065},{"x":313.2357723577236,"y":73.7560975609756}]]}