{"polygons":[[{"x":201.30396475770925,"y":124.33480176211454},{"x":328.59911894273125,"y":126.30837004405286},{"x":321.6916299559471,"y":440.1057268722467},{"x":198.34361233480178,"y":437.1453744493392}]]}