{"polygons":[[{"x":31.95610425240055,"y":59.61042524005487},{"x":112.46090534979425,"y":62.68312757201647},{"x":102.62825788751715,"y":258.1069958847737},{"x":37.48696844993142,"y":253.80521262002745}]]}