{"polygons":[[{"x":44.51028806584362,"y":83.02880658436214},{"x":156.64197530864197,"y":87.30864197530865},{"x":142.94650205761317,"y":359.5061728395062},{"x":52.21399176954733,"y":353.51440329218104}]]}