{"polygons":[[{"x":189.3852140077821,"y":221.75875486381324},{"x":265.4630350194553,"y":217.71206225680933},{"x":268.7003891050584,"y":252.5136186770428},{"x":198.28793774319067,"y":255.75097276264592}]]}