{"resistors":[{"polygon":[{"x":324.3931905546403,"y":307.94508511806697},{"x":367.3410214168039,"y":305.660626029654},{"x":369.1685886875343,"y":325.30697419000546},{"x":329.4190005491488,"y":327.1345414607358}],"colors":["orange","orange","red","gold","brown","none"]}]}