{"polygons":[[{"x":264.94875549048317,"y":176.32796486090777},{"x":302.40702781844806,"y":307.8887262079063},{"x":628.5680819912152,"y":228.40409956076135},{"x":597.5051244509517,"y":98.6705710102489}]]}