{"polygons":[[{"x":122.25493716337523,"y":178.55655296229804},{"x":152.01436265709157,"y":282.31238779174146},{"x":464.0861759425494,"y":202.6858168761221},{"x":431.1095152603232,"y":117.42908438061042}]]}