{"polygons":[[{"x":275.8663697104677,"y":232.7839643652561},{"x":301.57683741648106,"y":322.42316258351894},{"x":571.1893095768374,"y":253.63028953229397},{"x":542.6993318485523,"y":179.97327394209353}]]}