{"polygons":[[{"x":198.05790645879733,"y":167.1269487750557},{"x":216.51670378619156,"y":231.48329621380847},{"x":410.0846325167038,"y":182.0935412026726},{"x":389.630289532294,"y":129.21158129175947}]]}