{"polygons":[[{"x":190.21961932650075,"y":126.59443631039532},{"x":217.11273792093704,"y":221.04831625183016},{"x":451.27964860907764,"y":163.98243045387994},{"x":428.9780380673499,"y":70.84040995607614}]]}