{"resistors":[{"polygon":[{"x":367.8218262806236,"y":310.37861915367483},{"x":402.1024498886414,"y":429.89755011135856},{"x":761.5857461024499,"y":338.173719376392},{"x":723.5991091314031,"y":239.96436525612472}],"colors":["yellow","blue","green","none","gold","none"]}]}