{"polygons":[[{"x":98.77951002227172,"y":156.65033407572383},{"x":139.68819599109133,"y":300.32962138084633},{"x":495.89309576837417,"y":213.52338530066817},{"x":461.96881959910917,"y":71.83964365256125}]]}