{"polygons":[[{"x":153.57492654260528,"y":164.98334965719883},{"x":289.59843290891286,"y":167.6160626836435},{"x":287.84329089128306,"y":218.9539666993144},{"x":149.18707149853086,"y":211.49461312438785}]]}