{"polygons":[[{"x":302.942731277533,"y":126.30837004405286},{"x":277.2863436123348,"y":321.6916299559471},{"x":384.8458149779736,"y":330.5726872246696},{"x":416.42290748898677,"y":124.33480176211454}]]}