{"resistors":[{"polygon":[{"x":285.2105778648384,"y":306.3976493633692},{"x":537.8256611165524,"y":311.2869735553379},{"x":534.56611165524,"y":406.62879529872674},{"x":277.0617042115573,"y":392.77571008814886}],"colors":["yellow","blue","green","none","gold","none"]}]}