{"polygons":[[{"x":165.59735973597358,"y":96.1056105610561},{"x":155.98679867986797,"y":164.85808580858085},{"x":354.8514851485148,"y":180.38283828382836},{"x":346.7194719471947,"y":104.23762376237623}]]}