{"polygons":[[{"x":98.02687140115164,"y":149.61996161228407},{"x":364.5911708253359,"y":154.77927063339732},{"x":361.1516314779271,"y":255.38579654510556},{"x":89.42802303262955,"y":240.76775431861805}]]}