{"polygons":[[{"x":213.90793339862878,"y":229.79823702252693},{"x":403.36924583741427,"y":233.46523016650343},{"x":400.92458374142996,"y":304.97159647404504},{"x":207.79627815866797,"y":294.58178256611166}]]}