{"polygons":[[{"x":314.2840409956076,"y":83.13909224011714},{"x":380.9780380673499,"y":79.48462664714495},{"x":383.7188872620791,"y":204.6500732064422},{"x":308.80234260614935,"y":203.73645680819914}]]}