{"polygons":[[{"x":149.25925925925924,"y":97.25925925925925},{"x":238.8148148148148,"y":83.77777777777777},{"x":256.14814814814815,"y":322.59259259259255},{"x":168.5185185185185,"y":327.4074074074074}]]}