{"polygons":[[{"x":131.32328308207704,"y":321.179229480737},{"x":183.85259631490786,"y":327.1825795644891},{"x":175.59798994974872,"y":424.73701842546063},{"x":123.06867671691792,"y":420.98492462311555}]]}