{"polygons":[[{"x":348.75949367088606,"y":189.0295358649789},{"x":418.70042194092827,"y":178.63291139240508},{"x":438.54852320675104,"y":312.84388185654007},{"x":367.662447257384,"y":312.84388185654007}]]}