{"polygons":[[{"x":225.63982430453882,"y":59.6896046852123},{"x":273.52269399707177,"y":57.06588579795022},{"x":275.49048316251833,"y":146.92825768667643},{"x":221.7042459736457,"y":146.27232796486092}]]}