{"polygons":[[{"x":107.1604938271605,"y":69.82716049382715},{"x":171.45679012345678,"y":60.148148148148145},{"x":183.9012345679012,"y":231.60493827160494},{"x":120.98765432098764,"y":235.06172839506172}]]}