{"polygons":[[{"x":131.85040650406506,"y":172.6439024390244},{"x":130.39349593495936,"y":231.64878048780488},{"x":286.2829268292683,"y":211.98048780487807},{"x":276.0845528455285,"y":156.6178861788618}]]}