{"resistors":[{"polygon":[{"x":183.9481961147086,"y":236.28492136910268},{"x":182.40888066604995,"y":298.62719703977797},{"x":347.1156336725254,"y":277.8464384828862},{"x":336.3404255319149,"y":219.35245143385754}],"colors":["brown","black","orange","none","gold","none"]}]}