{"polygons":[[{"x":405.5302013422819,"y":417.3959731543624},{"x":471.83892617449663,"y":404.13422818791946},{"x":526.2818791946308,"y":555.5973154362416},{"x":460.6711409395973,"y":566.0671140939597}]]}