{"polygons":[[{"x":99.04902867715079,"y":127.23034227567067},{"x":98.22016651248843,"y":160.79925994449582},{"x":186.90841813135984,"y":149.6096207215541},{"x":181.1063829787234,"y":118.11285846438483}]]}