{"polygons":[[{"x":228.65051903114187,"y":207.72318339100346},{"x":302.28373702422147,"y":192.99653979238755},{"x":362.74048442906576,"y":361.1903114186851},{"x":289.88235294117646,"y":372.8166089965398}]]}