{"polygons":[[{"x":137.96114708603145,"y":177.213691026827},{"x":136.80666049953746,"y":223.9703977798335},{"x":260.3367252543941,"y":208.38482886216465},{"x":252.25531914893617,"y":164.51433857539317}]]}