{"polygons":[[{"x":291.1498881431767,"y":299.668903803132},{"x":338.75615212527964,"y":290.14765100671144},{"x":377.8434004474273,"y":398.8903803131991},{"x":330.73825503355704,"y":406.40715883668906}]]}