{"resistors":[{"polygon":[{"x":540.7069351230425,"y":556.5279642058165},{"x":629.1185682326621,"y":538.8456375838925},{"x":701.7091722595078,"y":740.7964205816554},{"x":614.228187919463,"y":754.7561521252796}],"colors":["green","blue","red","none","gold","none"]}]}