{"resistors":[{"polygon":[{"x":248.86044444444443,"y":46.592},{"x":442.2542222222222,"y":40.30577777777778},{"x":460.0035555555555,"y":578.3324444444444},{"x":272.15644444444445,"y":574.6346666666666}],"colors":["brown","black","brown","none","gold","none"]}]}