{"polygons":[[{"x":186.64533333333333,"y":34.943999999999996},{"x":331.69066666666663,"y":30.229333333333333},{"x":345.00266666666664,"y":433.7493333333333},{"x":204.11733333333333,"y":430.976}]]}