{"polygons":[[{"x":134.00177777777776,"y":25.087999999999997},{"x":238.13688888888888,"y":21.70311111111111},{"x":247.6942222222222,"y":311.4097777777778},{"x":146.54577777777777,"y":309.41866666666664}]]}