{"polygons":[[{"x":267.42857142857144,"y":266.65341614906833},{"x":307.7366459627329,"y":364.3229813664596},{"x":350.37018633540373,"y":355.79627329192544},{"x":310.0621118012422,"y":254.25093167701863}]]}