{"polygons":[[{"x":192,"y":191.44347826086957},{"x":220.9391304347826,"y":261.5652173913044},{"x":251.54782608695652,"y":255.44347826086957},{"x":222.6086956521739,"y":182.5391304347826}]]}