{"polygons":[[{"x":178.22608695652175,"y":186.01739130434783},{"x":228.8695652173913,"y":308.7304347826087},{"x":282.4347826086957,"y":298.0173913043478},{"x":231.7913043478261,"y":170.43478260869566}]]}