{"polygons":[[{"x":112.44152431011827,"y":180.73061760840997},{"x":140.11038107752955,"y":233.71353482260184},{"x":164.83574244415243,"y":222.52825229960578},{"x":136.57818659658344,"y":170.13403416557162}]]}