{"polygons":[[{"x":156.6149802890933,"y":251.73193166885676},{"x":195.15374507227332,"y":325.52956636005257},{"x":229.59264126149804,"y":309.95006570302235},{"x":190.23390275952693,"y":236.9724047306176}]]}