{"polygons":[[{"x":207.06695464362852,"y":81.27861771058316},{"x":256.414686825054,"y":18.384449244060477},{"x":435.42116630669545,"y":121.91792656587474},{"x":388.97624190064795,"y":191.585313174946}]]}