{"polygons":[[{"x":49.161061946902656,"y":355.2283185840708},{"x":85.6353982300885,"y":286.2442477876106},{"x":229.15398230088496,"y":358.4},{"x":198.23008849557522,"y":429.7628318584071}]]}