{"polygons":[[{"x":146.50236966824644,"y":237.2701421800948},{"x":179.41232227488152,"y":286.1042654028436},{"x":308.3981042654029,"y":193.7440758293839},{"x":266.9952606635071,"y":151.81042654028437}]]}