{"resistors":[{"polygon":[{"x":389.1519777931992,"y":452.66342817487856},{"x":424.9493407356003,"y":505.7820957668286},{"x":565.2519083969466,"y":405.31852879944483},{"x":520.2165163081194,"y":359.70575988896604}],"colors":["red","red","brown","gold","brown","none"]}]}