{"polygons":[[{"x":291.8639833448994,"y":339.49757113115896},{"x":318.7120055517002,"y":379.33657182512144},{"x":423.9389312977099,"y":303.98889659958365},{"x":390.16238723108955,"y":269.7793199167245}]]}