{"polygons":[[{"x":272.07582938388623,"y":440.6445497630332},{"x":333.1943127962085,"y":531.3364928909953},{"x":572.739336492891,"y":359.81042654028437},{"x":495.8483412322275,"y":281.9336492890995}]]}