{"polygons":[[{"x":204.05687203791467,"y":330.4834123222749},{"x":249.89573459715638,"y":398.50236966824644},{"x":429.5545023696682,"y":269.85781990521326},{"x":371.8862559241706,"y":211.45023696682463}]]}