{"polygons":[[{"x":209.54337265787646,"y":243.74184594031922},{"x":228.81887578070783,"y":272.3442054129077},{"x":304.36641221374043,"y":218.24843858431643},{"x":280.11658570437197,"y":193.68771686328938}]]}