{"resistors":[{"polygon":[{"x":257.8151260504202,"y":395.02521008403363},{"x":353.9495798319328,"y":402.01680672268907},{"x":326.85714285714283,"y":651.09243697479},{"x":225.47899159663865,"y":630.9915966386554}],"colors":["brown","black","yellow","none","gold","none"]}]}