{"polygons":[[{"x":89.2430278884462,"y":19.187250996015937},{"x":214.18326693227093,"y":117.800796812749},{"x":172.23904382470118,"y":165.99203187250995},{"x":40.1593625498008,"y":73.17928286852589}]]}