{"resistors":[{"polygon":[{"x":165.73705179282868,"y":35.63346613545817},{"x":397.7689243027889,"y":218.77290836653387},{"x":319.8725099601594,"y":308.27091633466136},{"x":74.58167330677291,"y":135.90438247011951}],"colors":["yellow","violet","red","none","gold","none"]}]}