{"polygons":[[{"x":124.30278884462152,"y":26.725099601593627},{"x":298.32669322709165,"y":164.0796812749004},{"x":239.90438247011951,"y":231.20318725099602},{"x":55.93625498007968,"y":101.92828685258964}]]}