{"polygons":[[{"x":385.44172380019586,"y":201.27717923604308},{"x":446.15083251714003,"y":200.46229187071498},{"x":444.5210577864838,"y":349.9941234084231},{"x":386.664054848188,"y":351.21645445641525}]]}