{"polygons":[[{"x":192.91866028708134,"y":135.90047846889954},{"x":256.7961722488038,"y":135.04306220095694},{"x":255.08133971291866,"y":292.37894736842105},{"x":194.2047846889952,"y":293.6650717703349}]]}