{"polygons":[[{"x":358.2775119617225,"y":252.3866028708134},{"x":476.9071770334928,"y":250.79425837320574},{"x":473.7224880382775,"y":542.9894736842106},{"x":360.666028708134,"y":545.377990430622}]]}