{"polygons":[[{"x":289.0812928501469,"y":150.95788442703233},{"x":334.613124387855,"y":150.34671890303625},{"x":333.39079333986285,"y":262.4955925563173},{"x":289.998041136141,"y":263.41234084231144}]]}