{"polygons":[[{"x":268.7081339712919,"y":189.28995215311005},{"x":357.68038277511965,"y":188.0956937799043},{"x":355.29186602870817,"y":407.2421052631579},{"x":270.49952153110047,"y":409.03349282296654}]]}