{"polygons":[[{"x":207.54554358472086,"y":108.38001958863859},{"x":240.2350636630754,"y":107.94123408423114},{"x":239.35749265426054,"y":188.45837414299706},{"x":208.20372184133203,"y":189.11655239960822}]]}