{"polygons":[[{"x":396.70103092783506,"y":187.27147766323026},{"x":396.70103092783506,"y":285.9106529209622},{"x":622.5704467353952,"y":288.7697594501718},{"x":624,"y":200.13745704467354}]]}