{"resistors":[{"polygon":[{"x":56.80672268907563,"y":61.1764705882353},{"x":183.52941176470588,"y":65.54621848739495},{"x":155.56302521008402,"y":316.3697478991597},{"x":41.94957983193277,"y":314.6218487394958}],"colors":["brown","black","orange","none","gold","none"]}]}