{"resistors":[{"polygon":[{"x":528.93470790378,"y":249.69530355097365},{"x":528.93470790378,"y":381.2142038946162},{"x":830.0939289805269,"y":385.0263459335624},{"x":832,"y":266.84994272623135}],"colors":["brown","black","brown","none","gold","none"]}]}