{"polygons":[[{"x":30.588235294117645,"y":32.94117647058823},{"x":98.82352941176471,"y":35.294117647058826},{"x":83.76470588235294,"y":170.35294117647058},{"x":22.588235294117645,"y":169.41176470588235}]]}