{"polygons":[[{"x":42.60504201680672,"y":45.88235294117647},{"x":137.64705882352942,"y":49.15966386554622},{"x":116.67226890756302,"y":237.27731092436974},{"x":31.46218487394958,"y":235.96638655462186}]]}