{"polygons":[[{"x":284.81099656357384,"y":134.4513172966781},{"x":284.81099656357384,"y":205.26918671248566},{"x":446.9736540664375,"y":207.3218785796105},{"x":447.99999999999994,"y":143.68843069873998}]]}