{"polygons":[[{"x":308.57142857142856,"y":145.52380952380952},{"x":416,"y":156.19047619047618},{"x":386.2857142857143,"y":373.3333333333333},{"x":274.2857142857143,"y":365.71428571428567}]]}