{"polygons":[[{"x":177.15289982425307,"y":84.24604569420035},{"x":248.80140597539543,"y":98.41827768014059},{"x":214.94551845342707,"y":259.82425307557116},{"x":149.5957820738137,"y":246.43936731107206}]]}