{"polygons":[[{"x":184.32000000000002,"y":97.28},{"x":262.8266666666667,"y":101.54666666666667},{"x":247.46666666666667,"y":302.08000000000004},{"x":156.16,"y":294.40000000000003}]]}