{"polygons":[[{"x":208.50314465408806,"y":109.88679245283019},{"x":293.0314465408805,"y":113.64360587002098},{"x":278.0041928721174,"y":312.7547169811321},{"x":197.23270440251574,"y":303.36268343815516}]]}