{"polygons":[[{"x":323.13513513513516,"y":67.35135135135135},{"x":388.97297297297297,"y":78.70270270270271},{"x":364.7567567567568,"y":253.51351351351352},{"x":284.5405405405406,"y":241.40540540540542}]]}