{"polygons":[[{"x":151.77142857142857,"y":205.7142857142857},{"x":261.0285714285714,"y":175.54285714285714},{"x":323.65714285714284,"y":430.1714285714286},{"x":217.14285714285714,"y":451.2}]]}