{"polygons":[[{"x":108.96410256410256,"y":147.69230769230768},{"x":187.4051282051282,"y":126.03076923076924},{"x":232.36923076923077,"y":308.8410256410256},{"x":155.89743589743588,"y":323.9384615384615}]]}