{"polygons":[[{"x":429.88701393983854,"y":232.11151870873073},{"x":552.123257520176,"y":228.90682318415259},{"x":562.6529713866471,"y":488.94497432134995},{"x":438.5854732208364,"y":489.40278796771827}]]}