{"resistors":[{"polygon":[{"x":573.1826852531182,"y":309.48202494497434},{"x":736.1643433602349,"y":305.20909757887017},{"x":750.2039618488628,"y":651.9266324284666},{"x":584.7806309611152,"y":652.5370506236244}],"colors":["brown","red","green","none","gold","none"]}]}