{"polygons":[[{"x":308.63683052090977,"y":166.6441672780631},{"x":396.39618488628025,"y":164.3433602347762},{"x":403.95597945707993,"y":351.037417461482},{"x":314.88187820983126,"y":351.3661041819516}]]}