{"resistors":[{"polygon":[{"x":202.36190476190478,"y":274.28571428571433},{"x":348.03809523809525,"y":234.05714285714288},{"x":431.5428571428572,"y":573.5619047619048},{"x":289.5238095238096,"y":601.6}],"colors":["brown","red","blue","none","gold","none"]}]}