{"polygons":[[{"x":53.732087227414326,"y":63.50155763239875},{"x":115.83800623052959,"y":80.24922118380061},{"x":73.96884735202492,"y":212.13707165109034},{"x":9.769470404984423,"y":189.8068535825545}]]}