{"polygons":[[{"x":74.8411214953271,"y":88.44859813084112},{"x":161.34579439252337,"y":111.77570093457943},{"x":103.02803738317758,"y":295.4766355140187},{"x":13.607476635514018,"y":264.3738317757009}]]}