{"polygons":[[{"x":337.4545454545455,"y":199.4805194805195},{"x":422.2337662337663,"y":228.57142857142858},{"x":367.3766233766234,"y":394.80519480519484},{"x":279.2727272727273,"y":356.5714285714286}]]}