{"polygons":[[{"x":84.27412587412589,"y":169.48811188811192},{"x":133.46013986013986,"y":154.76363636363638},{"x":168.54825174825177,"y":266.9202797202797},{"x":119.67552447552448,"y":282.5846153846154}]]}