{"polygons":[[{"x":117.38181818181818,"y":236.07272727272726},{"x":185.89090909090908,"y":215.56363636363636},{"x":234.76363636363635,"y":371.78181818181815},{"x":166.6909090909091,"y":393.59999999999997}]]}