{"resistors":[{"polygon":[{"x":156.5090909090909,"y":314.76363636363635},{"x":247.85454545454544,"y":287.4181818181818},{"x":313.0181818181818,"y":495.7090909090909},{"x":222.25454545454545,"y":524.8}],"colors":["red","red","black","none","gold","none"]}]}