{"polygons":[[{"x":358.828025477707,"y":149.09554140127386},{"x":415.18471337579615,"y":148.38216560509554},{"x":417.32484076433116,"y":277.5031847133758},{"x":368.10191082802544,"y":277.5031847133758}]]}