{"polygons":[[{"x":499.79617834394907,"y":207.6687898089172},{"x":578.2929936305733,"y":206.6751592356688},{"x":581.2738853503184,"y":386.5222929936306},{"x":512.7133757961783,"y":386.5222929936306}]]}