{"polygons":[[{"x":165.89121338912133,"y":170.5774058577406},{"x":165.89121338912133,"y":231.4979079497908},{"x":346.77824267782427,"y":236.18410041841005},{"x":343.02928870292885,"y":166.8284518828452}]]}