{"polygons":[[{"x":142.7712,"y":522.1632},{"x":179.712,"y":607.0272},{"x":385.38239999999996,"y":527.1551999999999},{"x":361.4208,"y":438.2976}]]}