{"polygons":[[{"x":267.56363636363636,"y":334.6909090909091},{"x":530.4,"y":332.8},{"x":535.1272727272727,"y":435.8545454545455},{"x":260,"y":427.3454545454545}]]}