{"polygons":[[{"x":297.4117647058824,"y":177.69411764705882},{"x":382.49411764705883,"y":177.69411764705882},{"x":377.9764705882353,"y":394.54117647058825},{"x":297.4117647058824,"y":392.28235294117644}]]}