{"polygons":[[{"x":192.09696969696972,"y":240.2909090909091},{"x":380.8,"y":238.93333333333334},{"x":384.19393939393944,"y":312.92121212121214},{"x":186.66666666666669,"y":306.8121212121212}]]}