{"polygons":[[{"x":335.77733598409543,"y":198.61630218687873},{"x":395.4512922465209,"y":212.86679920477138},{"x":355.3717693836978,"y":358.0437375745527},{"x":290.3538767395626,"y":336.6679920477137}]]}