{"polygons":[[{"x":181.66233766233768,"y":298.4935064935065},{"x":393.7142857142857,"y":294.44155844155847},{"x":397.09090909090907,"y":370.75324675324674},{"x":180.3116883116883,"y":373.45454545454544}]]}