{"resistors":[{"polygon":[{"x":225.20681265206815,"y":405.8783454987835},{"x":384.1167883211679,"y":402.84184914841853},{"x":386.6472019464721,"y":460.029197080292},{"x":224.19464720194648,"y":462.0535279805353}],"colors":["yellow","violet","black","none","gold","none"]}]}