{"polygons":[[{"x":168.90510948905109,"y":304.40875912408757},{"x":288.0875912408759,"y":302.13138686131384},{"x":289.985401459854,"y":345.02189781021895},{"x":168.14598540145985,"y":346.54014598540147}]]}