{"polygons":[[{"x":242.21645021645023,"y":397.991341991342},{"x":524.952380952381,"y":392.5887445887446},{"x":529.4545454545455,"y":494.3376623376624},{"x":240.41558441558442,"y":497.93939393939394}]]}