{"polygons":[[{"x":130.42424242424244,"y":214.3030303030303},{"x":282.6666666666667,"y":211.3939393939394},{"x":285.0909090909091,"y":266.1818181818182},{"x":129.45454545454547,"y":268.1212121212121}]]}