{"polygons":[[{"x":121.26520681265207,"y":218.5498783454988},{"x":206.83211678832117,"y":216.91484184914842},{"x":208.19464720194648,"y":247.7080291970803},{"x":120.72019464720195,"y":248.79805352798053}]]}