{"polygons":[[{"x":11.240143369175627,"y":53.7921146953405},{"x":89.92114695340501,"y":38.53763440860215},{"x":94.73835125448029,"y":193.49103942652332},{"x":21.67741935483871,"y":195.89964157706095}]]}