{"polygons":[[{"x":140.62435677530016,"y":172.1303602058319},{"x":288.1646655231561,"y":144.4665523156089},{"x":297.38593481989705,"y":205.17324185248714},{"x":156.76157804459692,"y":231.3001715265866}]]}