{"resistors":[{"polygon":[{"x":263.45928685470994,"y":263.45928685470994},{"x":409.5795635976583,"y":264.78765300691856},{"x":407.8084087280468,"y":318.3650878126663},{"x":258.1458222458755,"y":318.3650878126663}],"colors":["yellow","violet","black","none","silver","none"]}]}