{"polygons":[[{"x":141.8626929217669,"y":141.8626929217669},{"x":220.54284193720062,"y":142.57796700372538},{"x":219.58914316125598,"y":171.42735497605108},{"x":139.00159659393293,"y":171.42735497605108}]]}