{"polygons":[[{"x":172.65168539325845,"y":259.4157303370787},{"x":461.86516853932585,"y":262.0449438202247},{"x":458.3595505617978,"y":368.08988764044943},{"x":162.13483146067415,"y":368.08988764044943}]]}