{"polygons":[[{"x":123.95505617977528,"y":186.24719101123594},{"x":331.5955056179775,"y":188.13483146067415},{"x":329.07865168539325,"y":264.2696629213483},{"x":116.40449438202246,"y":264.2696629213483}]]}