{"polygons":[[{"x":197.59446514103246,"y":197.59446514103246},{"x":307.18467269824373,"y":198.59073975518893},{"x":305.8563065460351,"y":238.77381585949973},{"x":193.6093666844066,"y":238.77381585949973}]]}