{"polygons":[[{"x":465.5052959501558,"y":322.4323987538941},{"x":547.9277258566979,"y":272.6679127725857},{"x":574.3651090342679,"y":312.5831775700935},{"x":497.64485981308417,"y":357.68224299065423}]]}