{"polygons":[[{"x":203.94067135050744,"y":390.3450429352069},{"x":361.11787665886027,"y":390.9945355191257},{"x":361.7673692427791,"y":446.2014051522249},{"x":200.69320843091336,"y":449.44886807181894}]]}