{"polygons":[[{"x":109.81420765027322,"y":210.18579234972677},{"x":194.44808743169398,"y":210.53551912568307},{"x":194.79781420765028,"y":240.2622950819672},{"x":108.06557377049181,"y":242.01092896174865}]]}