{"polygons":[[{"x":152.95550351288057,"y":292.75878220140515},{"x":270.8384074941452,"y":293.24590163934425},{"x":271.3255269320843,"y":334.6510538641686},{"x":150.519906323185,"y":337.08665105386416}]]}