{"polygons":[[{"x":133.77049180327867,"y":245.50819672131146},{"x":324.1967213114754,"y":246.29508196721312},{"x":324.983606557377,"y":313.18032786885243},{"x":129.8360655737705,"y":317.11475409836066}]]}