{"polygons":[[{"x":96.04035308953343,"y":176.26229508196724},{"x":232.7566204287516,"y":176.82723833543508},{"x":233.32156368221945,"y":224.8474148802018},{"x":93.21563682219421,"y":227.672131147541}]]}