{"polygons":[[{"x":51.145877378435515,"y":141.12473572938688},{"x":91.87315010570823,"y":311.6109936575053},{"x":440.4228329809725,"y":216.89640591966173},{"x":405.3784355179704,"y":50.19873150105708}]]}