{"polygons":[[{"x":55.138461538461534,"y":105.45230769230768},{"x":326.6953846153846,"y":18.60923076923077},{"x":359.7784615384615,"y":150.94153846153844},{"x":86.15384615384615,"y":235.0276923076923}]]}