{"polygons":[[{"x":45.787575150300604,"y":123.89579158316633},{"x":431.83967935871743,"y":18.85370741482966},{"x":479.42284569138275,"y":197.51503006012024},{"x":81.6993987975952,"y":299.86372745490985}]]}