{"polygons":[[{"x":76.8,"y":146.88},{"x":455.03999999999996,"y":25.919999999999998},{"x":501.12,"y":210.23999999999998},{"x":120,"y":327.36}]]}