{"polygons":[[{"x":90.96015180265654,"y":262.67931688804555},{"x":414.8462998102467,"y":171.719165085389},{"x":457.3510436432638,"y":317.93548387096774},{"x":132.6148007590133,"y":416.5464895635674}]]}