{"polygons":[[{"x":133.79576107899808,"y":250.32755298651253},{"x":175.22928709055876,"y":400.52408477842005},{"x":460.9479768786127,"y":308.16184971098266},{"x":425.5568400770713,"y":168.3236994219653}]]}