{"polygons":[[{"x":170.01377199693957,"y":231.02677888293803},{"x":189.2088752869166,"y":216.2876817138485},{"x":237.8821729150727,"y":263.58990053557767},{"x":218.68706962509563,"y":279.3573068094874}]]}