{"polygons":[[{"x":79.46978557504873,"y":161.55945419103313},{"x":128.37426900584794,"y":124.00779727095517},{"x":252.3820662768031,"y":244.5224171539961},{"x":203.47758284600388,"y":284.6939571150097}]]}