{"polygons":[[{"x":236.80489671002294,"y":321.78729915837795},{"x":263.5409334353481,"y":301.2578423871461},{"x":331.335883703137,"y":367.1430757459832},{"x":304.5998469778118,"y":389.10482019892885}]]}