{"polygons":[[{"x":315.7398622800306,"y":429.0497322111706},{"x":351.38791124713083,"y":401.6771231828615},{"x":441.78117827084924,"y":489.5241009946442},{"x":406.133129303749,"y":518.8064269319051}]]}