{"polygons":[[{"x":107.49114331723027,"y":425.6360708534622},{"x":372.2512077294686,"y":300.10950080515295},{"x":427.8003220611916,"y":420.58615136876006},{"x":181.07568438003221,"y":530.2415458937198}]]}