{"polygons":[[{"x":-0.8500948766603416,"y":251.6280834914611},{"x":300.08349146110055,"y":45.0550284629981},{"x":383.392789373814,"y":198.92220113851994},{"x":82.45920303605313,"y":391.04364326375713}]]}