{"polygons":[[{"x":-10.21082621082621,"y":256.54700854700855},{"x":231.65811965811966,"y":69.56125356125357},{"x":310.7920227920228,"y":175.4985754985755},{"x":97.002849002849,"y":346.52991452991455}]]}