{"polygons":[[{"x":-14.222222222222221,"y":357.3333333333333},{"x":322.66666666666663,"y":96.88888888888889},{"x":432.88888888888886,"y":244.44444444444443},{"x":135.11111111111111,"y":482.66666666666663}]]}