{"resistors":[{"polygon":[{"x":193.03944315545246,"y":516.0587780355762},{"x":501.90255220417635,"y":481.95514307811294},{"x":519.2761020881671,"y":594.5614849187936},{"x":208.48259860788863,"y":639.6040216550658}],"colors":["orange","white","red","none","gold","none"]}]}