{"polygons":[[{"x":144.77958236658932,"y":387.04408352668213},{"x":376.42691415313226,"y":361.4663573085847},{"x":389.4570765661253,"y":445.92111368909514},{"x":156.36194895591646,"y":479.7030162412993}]]}