{"polygons":[[{"x":103.94431554524363,"y":277.87780355761794},{"x":270.25522041763344,"y":259.5143078112916},{"x":279.6102088167053,"y":320.14849187935033},{"x":112.25986078886311,"y":344.40216550657385}]]}