{"polygons":[[{"x":89.09803921568627,"y":158.7450980392157},{"x":390.27450980392155,"y":125.49019607843137},{"x":407.2156862745098,"y":235.2941176470588},{"x":104.15686274509804,"y":279.2156862745098}]]}