{"polygons":[[{"x":124.10084033613445,"y":221.109243697479},{"x":543.5966386554622,"y":174.78991596638656},{"x":567.1932773109244,"y":327.7310924369748},{"x":145.07563025210084,"y":388.9075630252101}]]}