{"polygons":[[{"x":164.0629213483146,"y":502.0044943820225},{"x":322.98426966292135,"y":475.361797752809},{"x":329.9955056179775,"y":538.4629213483146},{"x":171.07415730337078,"y":568.3775280898876}]]}