{"polygons":[[{"x":88.34157303370787,"y":270.3101123595506},{"x":173.91460674157304,"y":255.96404494382023},{"x":177.68988764044946,"y":289.94157303370787},{"x":92.11685393258428,"y":306.0494382022472}]]}