{"polygons":[[{"x":108.33986928104575,"y":169.09803921568627},{"x":357.2287581699346,"y":127.37254901960783},{"x":368.2091503267974,"y":226.19607843137254},{"x":119.32026143790848,"y":273.0457516339869}]]}