{"polygons":[[{"x":123.04719101123595,"y":376.5033707865169},{"x":242.23820224719103,"y":356.52134831460677},{"x":247.49662921348315,"y":403.84719101123596},{"x":128.3056179775281,"y":426.2831460674157}]]}