{"resistors":[{"polygon":[{"x":224.75442043222003,"y":184.7072691552063},{"x":376.770137524558,"y":257.4459724950884},{"x":352.2514734774067,"y":313.8388998035364},{"x":199.41846758349706,"y":246.8212180746562}],"colors":["orange","orange","red","none","gold","none"]}]}