{"resistors":[{"polygon":[{"x":449.70477247502777,"y":273.3318534961154},{"x":535.5826859045505,"y":314.4239733629301},{"x":521.7314095449501,"y":346.2819089900111},{"x":435.3917869034406,"y":308.4217536071032}],"colors":["orange","orange","red","none","gold","none"]}]}