{"resistors":[{"polygon":[{"x":404.3610108303249,"y":310.49819494584835},{"x":447.5379061371841,"y":306.36823104693144},{"x":455.42238267148014,"y":386.7148014440433},{"x":417.12635379061373,"y":386.7148014440433}],"colors":["yellow","violet","yellow","none","gold","none"]}]}