{"resistors":[{"polygon":[{"x":313.2235294117647,"y":271.8954248366013},{"x":375.759477124183,"y":265.91372549019604},{"x":387.17908496732025,"y":382.2849673202614},{"x":331.71241830065355,"y":382.2849673202614}],"colors":["yellow","violet","yellow","none","gold","none"]}]}