{"polygons":[[{"x":253.9099099099099,"y":238.9189189189189},{"x":361.65765765765764,"y":228.6126126126126},{"x":381.3333333333333,"y":429.1171171171171},{"x":285.76576576576576,"y":429.1171171171171}]]}