{"polygons":[[{"x":261.8909090909091,"y":156},{"x":354.54545454545456,"y":66.18181818181819},{"x":565.3818181818182,"y":295.92727272727274},{"x":482.1818181818182,"y":371.56363636363636}]]}