{"polygons":[[{"x":188.02424242424243,"y":112},{"x":254.54545454545456,"y":47.515151515151516},{"x":405.91515151515154,"y":212.46060606060607},{"x":346.1818181818182,"y":266.7636363636364}]]}