{"polygons":[[{"x":121.8018018018018,"y":293.26126126126127},{"x":164.9009009009009,"y":293.26126126126127},{"x":174.27027027027026,"y":428.1801801801802},{"x":127.42342342342342,"y":428.1801801801802}]]}