{"polygons":[[{"x":87.44744744744746,"y":210.54654654654655},{"x":118.3903903903904,"y":210.54654654654655},{"x":125.11711711711713,"y":307.41141141141145},{"x":91.4834834834835,"y":307.41141141141145}]]}