{"polygons":[[{"x":149.00328176277543,"y":312.82887951242384},{"x":367.8274730426629,"y":317.1195499296765},{"x":367.047351148617,"y":392.0112517580872},{"x":153.6840131270511,"y":383.4299109235818}]]}