{"polygons":[[{"x":78.44357976653697,"y":86.57846952010377},{"x":404.42023346303506,"y":92.97016861219197},{"x":403.25810635538267,"y":204.53437094682232},{"x":85.41634241245137,"y":191.75097276264592}]]}