{"polygons":[[{"x":111.75246132208157,"y":234.62165963431787},{"x":275.8706047819972,"y":237.83966244725738},{"x":275.28551336146273,"y":294.0084388185654},{"x":115.26300984528832,"y":287.57243319268633}]]}