{"polygons":[[{"x":109.26070038910505,"y":120.59143968871595},{"x":563.2996108949417,"y":129.4941634241245},{"x":561.6809338521401,"y":284.88715953307394},{"x":118.9727626459144,"y":267.0817120622568}]]}