{"polygons":[[{"x":80.23253633380216,"y":168.44631973745896},{"x":198.06094702297233,"y":170.75668073136427},{"x":197.64088138771683,"y":211.0829817158931},{"x":82.75293014533521,"y":206.4622597280825}]]}