{"polygons":[[{"x":258.5007587253414,"y":304.89833080424887},{"x":423.73292867981786,"y":301.11077389984825},{"x":424.679817905918,"y":362.185128983308},{"x":259.92109256449163,"y":367.3930197268589}]]}