{"polygons":[[{"x":80.57952755905512,"y":107.11181102362204},{"x":228.96377952755904,"y":108.09448818897637},{"x":210.29291338582678,"y":467.7543307086614},{"x":73.7007874015748,"y":460.8755905511811}]]}