{"polygons":[[{"x":185.59028831562975,"y":218.90136570561458},{"x":304.2185128983308,"y":216.18209408194235},{"x":304.89833080424887,"y":260.0303490136571},{"x":186.61001517450683,"y":263.76934749620636}]]}