{"polygons":[[{"x":36.293670886075944,"y":235.5308016877637},{"x":93.38059071729957,"y":235.90886075949365},{"x":86.19746835443037,"y":374.27848101265823},{"x":33.64725738396624,"y":371.6320675105485}]]}