{"polygons":[[{"x":57.85196850393701,"y":76.9007874015748},{"x":164.38425196850395,"y":77.60629921259843},{"x":150.97952755905513,"y":335.8236220472441},{"x":52.91338582677165,"y":330.88503937007874}]]}