{"polygons":[[{"x":109.79606440071557,"y":138.64758497316637},{"x":389.4955277280859,"y":132.23613595706618},{"x":391.0983899821109,"y":235.6207513416816},{"x":112.20035778175314,"y":244.43649373881934}]]}