{"resistors":[{"polygon":[{"x":344.66767830045524,"y":406.53110773899846},{"x":564.9772382397572,"y":401.4810318664643},{"x":566.2397572078908,"y":482.91350531107736},{"x":346.56145675265554,"y":489.8573596358118}],"colors":["brown","black","brown","none","gold","none"]}]}