{"polygons":[[{"x":50.551898734177215,"y":328.0607594936709},{"x":130.06582278481014,"y":328.58734177215194},{"x":120.06075949367089,"y":521.3164556962025},{"x":46.86582278481013,"y":517.6303797468355}]]}