{"resistors":[{"polygon":[{"x":67.40253164556962,"y":437.4143459915612},{"x":173.4210970464135,"y":438.11645569620254},{"x":160.08101265822785,"y":695.0886075949368},{"x":62.48776371308017,"y":690.1738396624473}],"colors":["brown","black","orange","none","gold","none"]}]}