{"polygons":[[{"x":90.12244897959182,"y":150.85714285714283},{"x":336.3265306122449,"y":154.12244897959184},{"x":342.204081632653,"y":251.42857142857142},{"x":86.85714285714285,"y":254.6938775510204}]]}