{"polygons":[[{"x":227.7902912621359,"y":279.4873786407767},{"x":380.0543689320388,"y":281.50679611650486},{"x":383.6893203883495,"y":341.68543689320387},{"x":225.77087378640775,"y":343.70485436893205}]]}