{"polygons":[[{"x":125.5276967930029,"y":210.12244897959184},{"x":468.4548104956268,"y":214.67055393586006},{"x":476.6413994169096,"y":350.204081632653},{"x":120.97959183673468,"y":354.7521865889213}]]}