{"polygons":[[{"x":303.72038834951456,"y":372.6498381877023},{"x":506.7391585760518,"y":375.3423948220065},{"x":511.5857605177994,"y":455.5805825242719},{"x":301.02783171521037,"y":458.2731391585761}]]}