{"polygons":[[{"x":163.54174757281552,"y":200.65760517799353},{"x":272.85954692556635,"y":202.1074433656958},{"x":275.46925566343043,"y":245.3126213592233},{"x":162.09190938511327,"y":246.76245954692556}]]}