{"polygons":[[{"x":72.49792531120332,"y":299.2863070539419},{"x":99.45228215767635,"y":179.3858921161826},{"x":395.0207468879668,"y":280.6970954356847},{"x":366.20746887966806,"y":386.655601659751}]]}