{"polygons":[[{"x":57.22954091816367,"y":237.86027944111777},{"x":81.37325349301398,"y":135.92015968063873},{"x":418.49101796407183,"y":242.3313373253493},{"x":370.20359281437123,"y":347.84830339321354}]]}