{"polygons":[[{"x":106.89804772234272,"y":270.16052060737525},{"x":174.92407809110628,"y":168.12147505422993},{"x":414.95878524945766,"y":285.7093275488069},{"x":352.763557483731,"y":401.35357917570497}]]}