{"polygons":[[{"x":96.57485029940119,"y":144.8622754491018},{"x":188.67864271457086,"y":50.075848303393215},{"x":399.7125748502994,"y":206.562874251497},{"x":306.7145708582834,"y":296.87824351297405}]]}