{"polygons":[[{"x":86.61333333333333,"y":232.95999999999998},{"x":142.36444444444444,"y":124.44444444444444},{"x":413.15555555555557,"y":239.92888888888888},{"x":374.32888888888886,"y":352.4266666666667}]]}