{"resistors":[{"polygon":[{"x":528,"y":489.06666666666666},{"x":674.6666666666666,"y":486.4},{"x":675.7333333333333,"y":531.7333333333333},{"x":530.6666666666666,"y":537.0666666666666}],"colors":["brown","black","red","none","gold","none"]}]}