{"polygons":[[{"x":154.76363636363638,"y":161.02937062937065},{"x":327.0713286713287,"y":157.8965034965035},{"x":328.32447552447553,"y":211.15524475524478},{"x":157.8965034965035,"y":217.42097902097905}]]}