{"polygons":[[{"x":215.56363636363636,"y":224.29090909090908},{"x":455.56363636363636,"y":219.9272727272727},{"x":457.3090909090909,"y":294.10909090909087},{"x":219.9272727272727,"y":302.8363636363636}]]}