{"polygons":[[{"x":284.30769230769226,"y":263.34358974358975},{"x":363.28205128205127,"y":261.9076923076923},{"x":363.85641025641024,"y":286.3179487179487},{"x":285.7435897435897,"y":289.18974358974356}]]}