{"polygons":[[{"x":154.73684210526315,"y":243.78947368421052},{"x":390.9473684210526,"y":325.89473684210526},{"x":371.36842105263156,"y":389.6842105263158},{"x":130.73684210526315,"y":315.7894736842105}]]}