{"resistors":[{"polygon":[{"x":206.3157894736842,"y":325.05263157894734},{"x":521.2631578947368,"y":434.52631578947364},{"x":495.1578947368421,"y":519.578947368421},{"x":174.3157894736842,"y":421.05263157894734}],"colors":["red","red","black","none","gold","none"]}]}