{"polygons":[[{"x":201.18719689621727,"y":245.50921435499515},{"x":270.2774005819593,"y":279.83705140640154},{"x":175.11542192046556,"y":467.5538312318138},{"x":108.63239573229875,"y":444.52376333656645}]]}