{"polygons":[[{"x":37.40755467196819,"y":39.188866799204774},{"x":287.6819085487078,"y":101.53479125248509},{"x":263.63419483101393,"y":210.1948310139165},{"x":9.797216699801194,"y":147.84890656063618}]]}