{"polygons":[[{"x":111.09311740890688,"y":175.02834008097167},{"x":280.68016194331983,"y":233.9757085020243},{"x":266.62348178137654,"y":279.7732793522267},{"x":93.86234817813765,"y":226.72064777327935}]]}