{"polygons":[[{"x":280.2250242483026,"y":341.9592628516004},{"x":376.45780795344325,"y":389.7730358874879},{"x":243.91076624636275,"y":651.2356935014549},{"x":151.3094083414161,"y":619.1580989330747}]]}