{"resistors":[{"polygon":[{"x":373.63336566440347,"y":455.94568380213383},{"x":501.94374393792435,"y":519.6973811833171},{"x":325.2143549951503,"y":868.3142580019398},{"x":201.7458777885548,"y":825.5441319107662}],"colors":["brown","grey","red","none","gold","none"]}]}