{"polygons":[[{"x":88.01766004415012,"y":101.86313465783665},{"x":159.22295805739515,"y":102.85209713024283},{"x":160.21192052980135,"y":265.0419426048565},{"x":84.06181015452539,"y":265.0419426048565}]]}