{"polygons":[[{"x":283.56455696202534,"y":199.8379746835443},{"x":398.88607594936707,"y":202.99746835443037},{"x":398.0962025316456,"y":245.6506329113924},{"x":279.6151898734177,"y":240.91139240506328}]]}