{"polygons":[[{"x":203.58481012658228,"y":143.47341772151898},{"x":286.37974683544303,"y":145.74177215189874},{"x":285.8126582278481,"y":176.36455696202532},{"x":200.7493670886076,"y":172.9620253164557}]]}