{"polygons":[[{"x":192.85918854415274,"y":137.7565632458234},{"x":269.5560859188544,"y":137.01193317422434},{"x":261.36515513126494,"y":313.4892601431981},{"x":204.77326968973748,"y":312.74463007159903}]]}