{"polygons":[[{"x":139.65770171149143,"y":87.6283618581907},{"x":184.56723716381418,"y":85.98533007334963},{"x":193.87775061124694,"y":214.68948655256722},{"x":148.9682151589242,"y":211.40342298288508}]]}