{"polygons":[[{"x":194.52322738386306,"y":122.05378973105134},{"x":257.0757946210269,"y":119.76528117359413},{"x":270.04400977995107,"y":299.03178484107576},{"x":207.49144254278727,"y":294.4547677261614}]]}