{"polygons":[[{"x":138.46300715990452,"y":98.90214797136038},{"x":193.52744630071598,"y":98.36754176610978},{"x":187.64677804295943,"y":225.0692124105012},{"x":147.01670644391407,"y":224.53460620525058}]]}