{"polygons":[[{"x":257.145584725537,"y":183.67541766109784},{"x":359.40811455847256,"y":182.68257756563244},{"x":348.4868735083532,"y":417.9856801909308},{"x":273.0310262529833,"y":416.9928400954654}]]}