{"polygons":[[{"x":47.349593495934954,"y":0.9105691056910569},{"x":47.349593495934954,"y":123.83739837398373},{"x":366.04878048780483,"y":110.17886178861788},{"x":364.2276422764227,"y":3.6422764227642275}]]}