{"polygons":[[{"x":46.7239263803681,"y":81.53783231083844},{"x":384.7852760736196,"y":87.03476482617587},{"x":380.2044989775051,"y":211.6319018404908},{"x":39.394683026584865,"y":211.6319018404908}]]}