{"polygons":[[{"x":335.78475336322873,"y":359.76937860345936},{"x":507.6745675848815,"y":393.3478539397822},{"x":498.4804612427931,"y":459.70531710442026},{"x":324.19218449711724,"y":429.724535554132}]]}