{"polygons":[[{"x":100.03883495145632,"y":86.99029126213593},{"x":411.7540453074434,"y":147.8834951456311},{"x":395.0809061488673,"y":268.2200647249191},{"x":79.01618122977347,"y":213.85113268608416}]]}