{"resistors":[{"polygon":[{"x":447.7130044843049,"y":479.6925048046124},{"x":676.8994234465085,"y":524.4638052530429},{"x":664.6406149903908,"y":612.9404228058936},{"x":432.2562459961563,"y":572.9660474055092}],"colors":["green","blue","red","none","gold","none"]}]}