{"polygons":[[{"x":241.0762331838565,"y":258.29596412556054},{"x":364.4843049327354,"y":282.4035874439462},{"x":357.8834080717489,"y":330.04484304932737},{"x":232.75336322869956,"y":308.52017937219733}]]}