{"polygons":[[{"x":154.0587356893977,"y":359.3668491786958},{"x":287.6177202588352,"y":385.4574415131906},{"x":280.4738675958188,"y":437.0174216027874},{"x":145.0512692882031,"y":413.72224987555995}]]}