{"resistors":[{"polygon":[{"x":205.41164758586362,"y":479.15579890492785},{"x":383.490293678447,"y":513.9432553509208},{"x":373.96515679442507,"y":582.6898954703832},{"x":193.40169238427077,"y":551.6296665007467}],"colors":["green","blue","red","none","gold","none"]}]}