{"polygons":[[{"x":110.60627177700349,"y":258.006968641115},{"x":206.49477351916377,"y":276.73867595818814},{"x":201.3658536585366,"y":313.7560975609756},{"x":104.13937282229965,"y":297.0313588850174}]]}