{"polygons":[[{"x":150.05278592375365,"y":162.86217008797652},{"x":508.7155425219941,"y":114.36950146627565},{"x":529.7595307917888,"y":251.61290322580643},{"x":174.7565982404692,"y":307.425219941349}]]}