{"polygons":[[{"x":107.73020527859236,"y":116.9266862170088},{"x":365.23167155425216,"y":82.11143695014663},{"x":380.34017595307915,"y":180.64516129032256},{"x":125.46627565982403,"y":220.71554252199414}]]}