{"polygons":[[{"x":231.6607387140903,"y":199.17920656634746},{"x":234.7250341997264,"y":240.85362517099864},{"x":333.3953488372093,"y":239.01504787961696},{"x":334.0082079343365,"y":199.7920656634747}]]}