{"polygons":[[{"x":322.6703146374829,"y":277.4281805745554},{"x":326.93844049247605,"y":335.4746922024624},{"x":464.3720930232558,"y":332.9138166894665},{"x":465.22571819425445,"y":278.28180574555404}]]}