{"resistors":[{"polygon":[{"x":420.7407407407407,"y":325.3333333333333},{"x":501.3333333333333,"y":337.18518518518516},{"x":480,"y":497.18518518518516},{"x":405.9259259259259,"y":479.4074074074074}],"colors":["brown","black","red","none","gold","none"]}]}