{"polygons":[[{"x":308.88,"y":301.08},{"x":481,"y":326.04},{"x":470.08000000000004,"y":392.08000000000004},{"x":301.08,"y":366.6}]]}