{"resistors":[{"polygon":[{"x":703.9301310043668,"y":117.17030567685589},{"x":975.5109170305677,"y":138.06113537117903},{"x":974.6026200873363,"y":225.25764192139738},{"x":708.471615720524,"y":225.25764192139738}],"colors":["orange","black","red","none","gold","none"]}]}