{"polygons":[[{"x":216.3053435114504,"y":141.9236641221374},{"x":214.59541984732823,"y":190.6564885496183},{"x":347.96946564885496,"y":198.35114503816794},{"x":341.98473282442745,"y":147.9083969465649}]]}