{"polygons":[[{"x":347.9626168224299,"y":208.97196261682242},{"x":346.01869158878503,"y":264.3738317757009},{"x":497.6448598130841,"y":273.1214953271028},{"x":490.8411214953271,"y":215.77570093457945}]]}