{"polygons":[[{"x":249.81931464174454,"y":150.03115264797506},{"x":248.42367601246104,"y":189.8068535825545},{"x":357.2834890965732,"y":196.08722741433021},{"x":352.398753894081,"y":154.91588785046727}]]}