{"polygons":[[{"x":321.538632573652,"y":234.13007226236797},{"x":437.73652028904945,"y":243.8421345191773},{"x":436.6959421901056,"y":286.5058365758755},{"x":325.70094496942744,"y":275.05947748749304}]]}