{"resistors":[{"polygon":[{"x":319.62463343108504,"y":230.9755620723363},{"x":592.078201368524,"y":253.7478005865103},{"x":589.6383186705767,"y":353.78299120234607},{"x":329.38416422287395,"y":326.9442815249267}],"colors":["brown","blue","black","none","gold","none"]}]}