{"polygons":[[{"x":239.71847507331378,"y":173.23167155425222},{"x":444.05865102639297,"y":190.3108504398827},{"x":442.22873900293257,"y":265.3372434017595},{"x":247.03812316715542,"y":245.20821114369502}]]}