{"polygons":[[{"x":428.7181767648694,"y":312.17342968315734},{"x":583.6486937187326,"y":325.1228460255698},{"x":582.2612562534741,"y":382.0077821011673},{"x":434.2679266259033,"y":366.7459699833241}]]}