{"polygons":[[{"x":230.84824902723736,"y":168.09338521400778},{"x":314.27237354085605,"y":175.06614785992218},{"x":313.5252918287938,"y":205.69649805447472},{"x":233.83657587548637,"y":197.4785992217899}]]}