{"polygons":[[{"x":172.10557184750732,"y":124.37145650048876},{"x":318.811339198436,"y":136.63343108504398},{"x":317.49755620723363,"y":190.49853372434018},{"x":177.36070381231673,"y":176.04692082111436}]]}