{"polygons":[[{"x":360.4368308351178,"y":387.82869379014994},{"x":473.34475374732335,"y":396.17987152034266},{"x":473.6788008565311,"y":441.9443254817987},{"x":354.423982869379,"y":435.59743040685225}]]}