{"polygons":[[{"x":258.77516059957173,"y":278.44111349036405},{"x":339.8372591006424,"y":284.4368308351178},{"x":340.07708779443254,"y":317.2933618843683},{"x":254.45824411134905,"y":312.7366167023555}]]}