{"polygons":[[{"x":176.82619647355162,"y":113.16876574307304},{"x":442.4584382871536,"y":132.816120906801},{"x":443.24433249370276,"y":240.48362720403023},{"x":162.6801007556675,"y":225.55163727959697}]]}