{"polygons":[[{"x":126.95214105793451,"y":81.24937027707809},{"x":317.6624685138539,"y":95.3551637279597},{"x":318.22670025188916,"y":172.65491183879092},{"x":116.79596977329975,"y":161.9345088161209}]]}