{"resistors":[{"polygon":[{"x":480.58244111349035,"y":517.1049250535332},{"x":631.1263383297644,"y":528.2398286937902},{"x":631.5717344753747,"y":589.2591006423983},{"x":472.5653104925053,"y":580.796573875803}],"colors":["yellow","violet","black","none","gold","none"]}]}