{"polygons":[[{"x":504.8004851425106,"y":255.805942995755},{"x":540.3711340206186,"y":253.53547604608852},{"x":541.5063674954517,"y":345.1109763493026},{"x":505.9357186173438,"y":343.97574287446935}]]}