{"polygons":[[{"x":351.82156133829,"y":197.17472118959108},{"x":424.50557620817847,"y":192.53531598513013},{"x":426.825278810409,"y":379.6579925650558},{"x":354.14126394052045,"y":377.3382899628253}]]}