{"polygons":[[{"x":252.58983890954153,"y":141.56133828996283},{"x":304.7732342007435,"y":138.23048327137548},{"x":306.4386617100372,"y":272.5749690210657},{"x":254.25526641883522,"y":270.90954151177203}]]}