{"resistors":[{"polygon":[{"x":673.0673135233475,"y":341.07459066100665},{"x":720.4948453608247,"y":338.0473013947847},{"x":722.0084899939357,"y":460.14796846573677},{"x":674.5809581564585,"y":458.6343238326258}],"colors":["red","red","brown","gold","brown","none"]}]}