{"polygons":[[{"x":362.4208611279563,"y":183.6555488174651},{"x":387.9587628865979,"y":182.02546998180713},{"x":388.7738023044269,"y":247.7719830200121},{"x":363.2359005457853,"y":246.95694360218312}]]}