{"resistors":[{"polygon":[{"x":473.17535545023696,"y":476.62559241706157},{"x":538.7298578199052,"y":542.1800947867298},{"x":515.5639810426541,"y":565.8388625592416},{"x":447.0521327014218,"y":500.2843601895734}],"colors":["orange","orange","red","none","silver","none"]}]}