{"polygons":[[{"x":275.8796718322698,"y":183.16134913400182},{"x":307.16499544211484,"y":238.90610756608933},{"x":453.3527803099362,"y":171.7848678213309},{"x":424.9115770282589,"y":124.57247037374658}]]}