{"resistors":[{"polygon":[{"x":367.8395624430264,"y":244.21513217866908},{"x":409.5533272561531,"y":318.5414767547858},{"x":604.4703737465816,"y":229.0464904284412},{"x":566.5487693710119,"y":166.09662716499543}],"colors":["brown","black","brown","none","gold","none"]}]}