{"polygons":[[{"x":198.06745670009116,"y":131.50045578851413},{"x":220.52871467639017,"y":171.52233363719233},{"x":325.4840474020055,"y":123.3327256153145},{"x":305.06472196900637,"y":89.43664539653601}]]}