{"resistors":[{"polygon":[{"x":417.74789915966386,"y":245.57983193277312},{"x":605.6470588235294,"y":209.74789915966386},{"x":629.2436974789916,"y":312},{"x":422.11764705882354,"y":337.34453781512605}],"colors":["yellow","violet","orange","none","gold","none"]}]}