{"polygons":[[{"x":246.50943396226413,"y":346.58490566037733},{"x":246.50943396226413,"y":403.2452830188679},{"x":407.66037735849056,"y":405.45283018867923},{"x":389.2641509433962,"y":345.84905660377353}]]}