{"polygons":[[{"x":176.9811320754717,"y":248.83018867924528},{"x":176.9811320754717,"y":289.50943396226415},{"x":292.6792452830189,"y":291.0943396226415},{"x":279.47169811320754,"y":248.30188679245282}]]}