{"polygons":[[{"x":328.6792452830189,"y":462.1132075471698},{"x":328.6792452830189,"y":537.6603773584906},{"x":543.5471698113207,"y":540.6037735849056},{"x":519.0188679245283,"y":461.1320754716981}]]}